OrderID,CustomerID,Product,Category,Quantity,Price,OrderDate,Revenue
20001,3103,Speaker,Accessories,2,2717,2023-01-01 00:00:00.000000000,5434
20002,3093,Speaker,Accessories,1,2869,2023-01-01 07:17:09.858215179,2869
20003,3015,Mouse,Accessories,4,4138,2023-01-01 14:34:19.716430358,16552
20004,3107,Camera,Electronics,1,25695,2023-01-01 21:51:29.574645537,25695
20005,3072,Camera,Electronics,4,24135,2023-01-02 05:08:39.432860717,96540
20006,3021,Smartphone,Electronics,4,10722,2023-01-02 12:25:49.291075896,42888
20007,3103,Camera,Electronics,1,42413,2023-01-02 19:42:59.149291075,42413
20008,3122,Laptop,Electronics,2,47236,2023-01-03 03:00:09.007506255,94472
20009,3075,Monitor,Electronics,3,25514,2023-01-03 10:17:18.865721434,76542
20010,3088,Smartphone,Electronics,1,25331,2023-01-03 17:34:28.723936613,25331
20011,3117,Headphones,Accessories,3,2176,2023-01-04 00:51:38.582151793,6528
20012,3100,Laptop,Electronics,1,21196,2023-01-04 08:08:48.440366972,21196
20013,3104,Tablet,Electronics,3,20297,2023-01-04 15:25:58.298582151,60891
20014,3131,Smartphone,Electronics,2,7787,2023-01-04 22:43:08.156797331,15574
20015,3150,Tablet,Electronics,2,15927,2023-01-05 06:00:18.015012510,31854
20016,3053,Laptop,Electronics,1,39702,2023-01-05 13:17:27.873227689,39702
20017,3002,Smartphone,Electronics,4,30242,2023-01-05 20:34:37.731442869,120968
20018,3088,Monitor,Electronics,3,12176,2023-01-06 03:51:47.589658048,36528
20019,3038,Camera,Electronics,4,35127,2023-01-06 11:08:57.447873227,140508
20020,3130,Smartphone,Electronics,4,32228,2023-01-06 18:26:07.306088407,128912
20021,3021,Printer,Office,4,6422,2023-01-07 01:43:17.164303586,25688
20022,3058,Speaker,Accessories,2,4324,2023-01-07 09:00:27.022518765,8648
20023,3022,Printer,Office,1,14098,2023-01-07 16:17:36.880733945,14098
20024,3089,Smartphone,Electronics,1,14171,2023-01-07 23:34:46.738949124,14171
20025,3049,Laptop,Electronics,2,55219,2023-01-08 06:51:56.597164303,110438
20026,3059,Camera,Electronics,2,15628,2023-01-08 14:09:06.455379482,31256
20027,3015,Laptop,Electronics,1,23696,2023-01-08 21:26:16.313594662,23696
20028,3051,Camera,Electronics,4,43006,2023-01-09 04:43:26.171809841,172024
20029,3108,Monitor,Electronics,3,29149,2023-01-09 12:00:36.030025020,87447
20030,3055,Speaker,Accessories,3,4869,2023-01-09 19:17:45.888240200,14607
20031,3064,Camera,Electronics,3,27972,2023-01-10 02:34:55.746455379,83916
20032,3131,Speaker,Accessories,4,615,2023-01-10 09:52:05.604670558,2460
20033,3051,Keyboard,Accessories,1,2503,2023-01-10 17:09:15.462885738,2503
20034,3135,Tablet,Electronics,2,9105,2023-01-11 00:26:25.321100917,18210
20035,3021,Keyboard,Accessories,1,3508,2023-01-11 07:43:35.179316096,3508
20036,3073,Mouse,Accessories,4,2661,2023-01-11 15:00:45.037531276,10644
20037,3018,Printer,Office,2,10345,2023-01-11 22:17:54.895746455,20690
20038,3132,Camera,Electronics,4,29188,2023-01-12 05:35:04.753961634,116752
20039,3089,Speaker,Accessories,3,4199,2023-01-12 12:52:14.612176814,12597
20040,3060,Tablet,Electronics,3,20602,2023-01-12 20:09:24.470391993,61806
20041,3014,Keyboard,Accessories,4,4286,2023-01-13 03:26:34.328607172,17144
20042,3009,Mouse,Accessories,2,1564,2023-01-13 10:43:44.186822352,3128
20043,3090,Tablet,Electronics,2,22212,2023-01-13 18:00:54.045037531,44424
20044,3053,Smartphone,Electronics,1,39681,2023-01-14 01:18:03.903252710,39681
20045,3130,Laptop,Electronics,3,45792,2023-01-14 08:35:13.761467890,137376
20046,3084,Keyboard,Accessories,1,2901,2023-01-14 15:52:23.619683069,2901
20047,3092,Smartphone,Electronics,1,39540,2023-01-14 23:09:33.477898248,39540
20048,3111,Smartphone,Electronics,4,31536,2023-01-15 06:26:43.336113427,126144
20049,3008,Smartphone,Electronics,4,24164,2023-01-15 13:43:53.194328607,96656
20050,3035,Laptop,Electronics,1,32996,2023-01-15 21:01:03.052543786,32996
20051,3081,Laptop,Electronics,3,22871,2023-01-16 04:18:12.910758965,68613
20052,3050,Speaker,Accessories,4,1160,2023-01-16 11:35:22.768974145,4640
20053,3104,Mouse,Accessories,1,3135,2023-01-16 18:52:32.627189324,3135
20054,3132,Keyboard,Accessories,1,2829,2023-01-17 02:09:42.485404503,2829
20055,3002,Tablet,Electronics,1,18642,2023-01-17 09:26:52.343619683,18642
20056,3134,Smartphone,Electronics,1,6132,2023-01-17 16:44:02.201834862,6132
20057,3054,Speaker,Accessories,1,1199,2023-01-18 00:01:12.060050041,1199
20058,3106,Camera,Electronics,1,29534,2023-01-18 07:18:21.918265221,29534
20059,3004,Laptop,Electronics,4,43854,2023-01-18 14:35:31.776480400,175416
20060,3054,Keyboard,Accessories,3,2538,2023-01-18 21:52:41.634695579,7614
20061,3146,Camera,Electronics,1,21297,2023-01-19 05:09:51.492910759,21297
20062,3044,Speaker,Accessories,2,2679,2023-01-19 12:27:01.351125938,5358
20063,3014,Mouse,Accessories,4,3338,2023-01-19 19:44:11.209341117,13352
20064,3095,Printer,Office,4,11065,2023-01-20 03:01:21.067556297,44260
20065,3048,Headphones,Accessories,1,583,2023-01-20 10:18:30.925771476,583
20066,3015,Speaker,Accessories,4,1922,2023-01-20 17:35:40.783986655,7688
20067,3040,Smartphone,Electronics,1,25700,2023-01-21 00:52:50.642201835,25700
20068,3082,Speaker,Accessories,3,4475,2023-01-21 08:10:00.500417014,13425
20069,3111,Printer,Office,3,8696,2023-01-21 15:27:10.358632193,26088
20070,3053,Printer,Office,4,11583,2023-01-21 22:44:20.216847372,46332
20071,3024,Monitor,Electronics,4,26998,2023-01-22 06:01:30.075062552,107992
20072,3124,Smartphone,Electronics,2,18869,2023-01-22 13:18:39.933277731,37738
20073,3041,Headphones,Accessories,4,3471,2023-01-22 20:35:49.791492910,13884
20074,3015,Smartphone,Electronics,2,33152,2023-01-23 03:52:59.649708090,66304
20075,3045,Headphones,Accessories,3,770,2023-01-23 11:10:09.507923269,2310
20076,3065,Camera,Electronics,3,27258,2023-01-23 18:27:19.366138448,81774
20077,3089,Keyboard,Accessories,1,2968,2023-01-24 01:44:29.224353628,2968
20078,3071,Laptop,Electronics,3,35042,2023-01-24 09:01:39.082568807,105126
20079,3009,Speaker,Accessories,2,1890,2023-01-24 16:18:48.940783986,3780
20080,3088,Speaker,Accessories,4,3854,2023-01-24 23:35:58.798999166,15416
20081,3129,Speaker,Accessories,1,4635,2023-01-25 06:53:08.657214345,4635
20082,3136,Speaker,Accessories,2,4107,2023-01-25 14:10:18.515429524,8214
20083,3063,Headphones,Accessories,4,3083,2023-01-25 21:27:28.373644704,12332
20084,3139,Keyboard,Accessories,1,4573,2023-01-26 04:44:38.231859883,4573
20085,3081,Tablet,Electronics,3,24673,2023-01-26 12:01:48.090075062,74019
20086,3136,Tablet,Electronics,2,14614,2023-01-26 19:18:57.948290242,29228
20087,3033,Headphones,Accessories,4,3752,2023-01-27 02:36:07.806505421,15008
20088,3123,Camera,Electronics,1,22415,2023-01-27 09:53:17.664720600,22415
20089,3005,Smartphone,Electronics,1,28155,2023-01-27 17:10:27.522935780,28155
20090,3041,Smartphone,Electronics,3,21964,2023-01-28 00:27:37.381150959,65892
20091,3028,Monitor,Electronics,4,14958,2023-01-28 07:44:47.239366138,59832
20092,3135,Monitor,Electronics,3,14276,2023-01-28 15:01:57.097581318,42828
20093,3072,Monitor,Electronics,3,14776,2023-01-28 22:19:06.955796497,44328
20094,3012,Laptop,Electronics,4,52252,2023-01-29 05:36:16.814011676,209008
20095,3033,Camera,Electronics,4,18832,2023-01-29 12:53:26.672226855,75328
20096,3048,Smartphone,Electronics,4,30275,2023-01-29 20:10:36.530442035,121100
20097,3062,Headphones,Accessories,2,1880,2023-01-30 03:27:46.388657214,3760
20098,3037,Speaker,Accessories,4,4396,2023-01-30 10:44:56.246872393,17584
20099,3099,Speaker,Accessories,1,2173,2023-01-30 18:02:06.105087573,2173
20100,3104,Camera,Electronics,3,42303,2023-01-31 01:19:15.963302752,126909
20101,3035,Camera,Electronics,2,37918,2023-01-31 08:36:25.821517931,75836
20102,3101,Printer,Office,4,5156,2023-01-31 15:53:35.679733111,20624
20103,3131,Monitor,Electronics,2,21580,2023-01-31 23:10:45.537948290,43160
20104,3001,Laptop,Electronics,4,58402,2023-02-01 06:27:55.396163469,233608
20105,3005,Keyboard,Accessories,2,883,2023-02-01 13:45:05.254378649,1766
20106,3142,Keyboard,Accessories,3,841,2023-02-01 21:02:15.112593828,2523
20107,3103,Smartphone,Electronics,3,27318,2023-02-02 04:19:24.970809007,81954
20108,3027,Tablet,Electronics,1,18179,2023-02-02 11:36:34.829024187,18179
20109,3137,Mouse,Accessories,1,4559,2023-02-02 18:53:44.687239366,4559
20110,3015,Laptop,Electronics,4,39493,2023-02-03 02:10:54.545454545,157972
20111,3090,Smartphone,Electronics,3,25466,2023-02-03 09:28:04.403669725,76398
20112,3042,Tablet,Electronics,2,20707,2023-02-03 16:45:14.261884904,41414
20113,3124,Laptop,Electronics,2,39624,2023-02-04 00:02:24.120100083,79248
20114,3063,Camera,Electronics,2,41564,2023-02-04 07:19:33.978315263,83128
20115,3096,Mouse,Accessories,1,3914,2023-02-04 14:36:43.836530442,3914
20116,3052,Mouse,Accessories,2,2349,2023-02-04 21:53:53.694745621,4698
20117,3096,Monitor,Electronics,1,12749,2023-02-05 05:11:03.552960800,12749
20118,3132,Camera,Electronics,1,28156,2023-02-05 12:28:13.411175980,28156
20119,3143,Smartphone,Electronics,4,28064,2023-02-05 19:45:23.269391159,112256
20120,3029,Tablet,Electronics,2,24589,2023-02-06 03:02:33.127606338,49178
20121,3036,Monitor,Electronics,2,13450,2023-02-06 10:19:42.985821518,26900
20122,3013,Smartphone,Electronics,3,12214,2023-02-06 17:36:52.844036697,36642
20123,3071,Camera,Electronics,4,35195,2023-02-07 00:54:02.702251876,140780
20124,3086,Camera,Electronics,3,26814,2023-02-07 08:11:12.560467056,80442
20125,3028,Printer,Office,4,13791,2023-02-07 15:28:22.418682235,55164
20126,3066,Camera,Electronics,2,42127,2023-02-07 22:45:32.276897414,84254
20127,3045,Camera,Electronics,1,20141,2023-02-08 06:02:42.135112594,20141
20128,3062,Tablet,Electronics,1,10708,2023-02-08 13:19:51.993327773,10708
20129,3134,Camera,Electronics,1,33375,2023-02-08 20:37:01.851542952,33375
20130,3028,Tablet,Electronics,1,23088,2023-02-09 03:54:11.709758132,23088
20131,3028,Tablet,Electronics,1,19834,2023-02-09 11:11:21.567973311,19834
20132,3108,Printer,Office,3,14278,2023-02-09 18:28:31.426188490,42834
20133,3044,Tablet,Electronics,4,18014,2023-02-10 01:45:41.284403670,72056
20134,3084,Headphones,Accessories,2,3773,2023-02-10 09:02:51.142618849,7546
20135,3030,Speaker,Accessories,3,4849,2023-02-10 16:20:01.000834028,14547
20136,3075,Camera,Electronics,4,23712,2023-02-10 23:37:10.859049207,94848
20137,3128,Laptop,Electronics,1,29168,2023-02-11 06:54:20.717264387,29168
20138,3092,Camera,Electronics,4,35106,2023-02-11 14:11:30.575479566,140424
20139,3129,Headphones,Accessories,4,4051,2023-02-11 21:28:40.433694745,16204
20140,3121,Smartphone,Electronics,1,17297,2023-02-12 04:45:50.291909925,17297
20141,3027,Tablet,Electronics,1,18965,2023-02-12 12:03:00.150125104,18965
20142,3121,Headphones,Accessories,1,3052,2023-02-12 19:20:10.008340283,3052
20143,3116,Camera,Electronics,2,17832,2023-02-13 02:37:19.866555463,35664
20144,3003,Camera,Electronics,1,43483,2023-02-13 09:54:29.724770642,43483
20145,3103,Monitor,Electronics,2,23422,2023-02-13 17:11:39.582985821,46844
20146,3137,Laptop,Electronics,1,52920,2023-02-14 00:28:49.441201001,52920
20147,3062,Smartphone,Electronics,2,16156,2023-02-14 07:45:59.299416180,32312
20148,3051,Printer,Office,4,13108,2023-02-14 15:03:09.157631359,52432
20149,3059,Speaker,Accessories,3,3300,2023-02-14 22:20:19.015846539,9900
20150,3118,Printer,Office,4,7310,2023-02-15 05:37:28.874061718,29240
20151,3096,Smartphone,Electronics,4,7610,2023-02-15 12:54:38.732276897,30440
20152,3113,Printer,Office,1,14067,2023-02-15 20:11:48.590492077,14067
20153,3062,Monitor,Electronics,2,11104,2023-02-16 03:28:58.448707256,22208
20154,3052,Camera,Electronics,3,25728,2023-02-16 10:46:08.306922435,77184
20155,3012,Laptop,Electronics,1,49566,2023-02-16 18:03:18.165137614,49566
20156,3039,Tablet,Electronics,1,15263,2023-02-17 01:20:28.023352794,15263
20157,3130,Monitor,Electronics,1,11914,2023-02-17 08:37:37.881567973,11914
20158,3131,Speaker,Accessories,4,3572,2023-02-17 15:54:47.739783152,14288
20159,3113,Smartphone,Electronics,2,30582,2023-02-17 23:11:57.597998332,61164
20160,3101,Printer,Office,2,2406,2023-02-18 06:29:07.456213511,4812
20161,3113,Speaker,Accessories,3,666,2023-02-18 13:46:17.314428690,1998
20162,3081,Laptop,Electronics,2,53276,2023-02-18 21:03:27.172643870,106552
20163,3113,Speaker,Accessories,2,2161,2023-02-19 04:20:37.030859049,4322
20164,3002,Tablet,Electronics,1,11664,2023-02-19 11:37:46.889074228,11664
20165,3130,Laptop,Electronics,1,39873,2023-02-19 18:54:56.747289408,39873
20166,3054,Smartphone,Electronics,4,18050,2023-02-20 02:12:06.605504587,72200
20167,3087,Tablet,Electronics,1,8680,2023-02-20 09:29:16.463719766,8680
20168,3129,Laptop,Electronics,1,38908,2023-02-20 16:46:26.321934946,38908
20169,3147,Monitor,Electronics,1,28504,2023-02-21 00:03:36.180150125,28504
20170,3126,Smartphone,Electronics,1,26644,2023-02-21 07:20:46.038365304,26644
20171,3130,Printer,Office,4,14869,2023-02-21 14:37:55.896580484,59476
20172,3053,Laptop,Electronics,1,57125,2023-02-21 21:55:05.754795663,57125
20173,3068,Camera,Electronics,3,16363,2023-02-22 05:12:15.613010842,49089
20174,3123,Speaker,Accessories,3,1831,2023-02-22 12:29:25.471226022,5493
20175,3145,Speaker,Accessories,3,2792,2023-02-22 19:46:35.329441201,8376
20176,3038,Tablet,Electronics,3,9538,2023-02-23 03:03:45.187656380,28614
20177,3024,Headphones,Accessories,1,3908,2023-02-23 10:20:55.045871560,3908
20178,3069,Tablet,Electronics,3,16752,2023-02-23 17:38:04.904086739,50256
20179,3116,Laptop,Electronics,1,45675,2023-02-24 00:55:14.762301918,45675
20180,3098,Laptop,Electronics,4,38287,2023-02-24 08:12:24.620517098,153148
20181,3139,Smartphone,Electronics,3,5174,2023-02-24 15:29:34.478732277,15522
20182,3144,Mouse,Accessories,2,2656,2023-02-24 22:46:44.336947456,5312
20183,3097,Camera,Electronics,3,17230,2023-02-25 06:03:54.195162636,51690
20184,3124,Tablet,Electronics,3,12287,2023-02-25 13:21:04.053377815,36861
20185,3070,Mouse,Accessories,1,4660,2023-02-25 20:38:13.911592994,4660
20186,3093,Smartphone,Electronics,3,17112,2023-02-26 03:55:23.769808174,51336
20187,3003,Speaker,Accessories,2,1997,2023-02-26 11:12:33.628023353,3994
20188,3148,Mouse,Accessories,1,4354,2023-02-26 18:29:43.486238532,4354
20189,3147,Mouse,Accessories,1,3671,2023-02-27 01:46:53.344453711,3671
20190,3090,Headphones,Accessories,4,2067,2023-02-27 09:04:03.202668891,8268
20191,3147,Camera,Electronics,4,16151,2023-02-27 16:21:13.060884070,64604
20192,3148,Tablet,Electronics,3,15619,2023-02-27 23:38:22.919099249,46857
20193,3096,Smartphone,Electronics,4,11033,2023-02-28 06:55:32.777314429,44132
20194,3052,Laptop,Electronics,4,24946,2023-02-28 14:12:42.635529608,99784
20195,3128,Tablet,Electronics,4,9907,2023-02-28 21:29:52.493744787,39628
20196,3039,Printer,Office,1,5490,2023-03-01 04:47:02.351959967,5490
20197,3082,Smartphone,Electronics,1,23919,2023-03-01 12:04:12.210175146,23919
20198,3104,Speaker,Accessories,1,4673,2023-03-01 19:21:22.068390325,4673
20199,3129,Headphones,Accessories,4,3373,2023-03-02 02:38:31.926605505,13492
20200,3011,Mouse,Accessories,1,2324,2023-03-02 09:55:41.784820684,2324
20201,3042,Speaker,Accessories,4,1793,2023-03-02 17:12:51.643035863,7172
20202,3099,Keyboard,Accessories,1,3886,2023-03-03 00:30:01.501251043,3886
20203,3007,Printer,Office,1,4972,2023-03-03 07:47:11.359466222,4972
20204,3144,Keyboard,Accessories,2,4422,2023-03-03 15:04:21.217681401,8844
20205,3090,Smartphone,Electronics,3,9997,2023-03-03 22:21:31.075896581,29991
20206,3112,Speaker,Accessories,4,1492,2023-03-04 05:38:40.934111760,5968
20207,3060,Keyboard,Accessories,2,2886,2023-03-04 12:55:50.792326939,5772
20208,3113,Speaker,Accessories,1,2740,2023-03-04 20:13:00.650542118,2740
20209,3002,Smartphone,Electronics,4,5389,2023-03-05 03:30:10.508757298,21556
20210,3129,Smartphone,Electronics,1,38767,2023-03-05 10:47:20.366972477,38767
20211,3048,Laptop,Electronics,3,21855,2023-03-05 18:04:30.225187656,65565
20212,3140,Printer,Office,2,10125,2023-03-06 01:21:40.083402836,20250
20213,3037,Keyboard,Accessories,3,1158,2023-03-06 08:38:49.941618015,3474
20214,3009,Camera,Electronics,2,17763,2023-03-06 15:55:59.799833194,35526
20215,3099,Mouse,Accessories,1,4163,2023-03-06 23:13:09.658048374,4163
20216,3147,Speaker,Accessories,3,1981,2023-03-07 06:30:19.516263553,5943
20217,3048,Headphones,Accessories,3,4231,2023-03-07 13:47:29.374478732,12693
20218,3131,Camera,Electronics,1,38646,2023-03-07 21:04:39.232693912,38646
20219,3148,Camera,Electronics,3,31835,2023-03-08 04:21:49.090909091,95505
20220,3054,Camera,Electronics,4,42051,2023-03-08 11:38:58.949124270,168204
20221,3120,Camera,Electronics,2,42798,2023-03-08 18:56:08.807339450,85596
20222,3116,Tablet,Electronics,2,18758,2023-03-09 02:13:18.665554629,37516
20223,3075,Printer,Office,2,5277,2023-03-09 09:30:28.523769808,10554
20224,3113,Headphones,Accessories,4,874,2023-03-09 16:47:38.381984988,3496
20225,3104,Laptop,Electronics,2,31889,2023-03-10 00:04:48.240200167,63778
20226,3084,Speaker,Accessories,1,3562,2023-03-10 07:21:58.098415346,3562
20227,3112,Printer,Office,3,6690,2023-03-10 14:39:07.956630526,20070
20228,3099,Camera,Electronics,4,26442,2023-03-10 21:56:17.814845705,105768
20229,3093,Mouse,Accessories,2,612,2023-03-11 05:13:27.673060884,1224
20230,3146,Laptop,Electronics,1,41515,2023-03-11 12:30:37.531276063,41515
20231,3128,Headphones,Accessories,3,3697,2023-03-11 19:47:47.389491243,11091
20232,3110,Tablet,Electronics,3,23924,2023-03-12 03:04:57.247706422,71772
20233,3082,Mouse,Accessories,4,2878,2023-03-12 10:22:07.105921601,11512
20234,3054,Smartphone,Electronics,4,31500,2023-03-12 17:39:16.964136781,126000
20235,3068,Mouse,Accessories,4,639,2023-03-13 00:56:26.822351960,2556
20236,3033,Laptop,Electronics,1,21424,2023-03-13 08:13:36.680567139,21424
20237,3142,Monitor,Electronics,1,29333,2023-03-13 15:30:46.538782319,29333
20238,3021,Smartphone,Electronics,4,24552,2023-03-13 22:47:56.396997498,98208
20239,3048,Camera,Electronics,2,40092,2023-03-14 06:05:06.255212677,80184
20240,3148,Smartphone,Electronics,3,15808,2023-03-14 13:22:16.113427857,47424
20241,3128,Mouse,Accessories,3,1387,2023-03-14 20:39:25.971643036,4161
20242,3136,Laptop,Electronics,1,51802,2023-03-15 03:56:35.829858215,51802
20243,3135,Laptop,Electronics,3,39488,2023-03-15 11:13:45.688073395,118464
20244,3145,Keyboard,Accessories,2,549,2023-03-15 18:30:55.546288574,1098
20245,3128,Mouse,Accessories,3,4451,2023-03-16 01:48:05.404503753,13353
20246,3033,Printer,Office,1,5560,2023-03-16 09:05:15.262718933,5560
20247,3115,Smartphone,Electronics,1,21402,2023-03-16 16:22:25.120934112,21402
20248,3119,Tablet,Electronics,2,20253,2023-03-16 23:39:34.979149291,40506
20249,3022,Camera,Electronics,2,33990,2023-03-17 06:56:44.837364470,67980
20250,3038,Camera,Electronics,3,22846,2023-03-17 14:13:54.695579650,68538
20251,3109,Laptop,Electronics,3,45027,2023-03-17 21:31:04.553794829,135081
20252,3051,Mouse,Accessories,1,4265,2023-03-18 04:48:14.412010008,4265
20253,3008,Laptop,Electronics,2,35950,2023-03-18 12:05:24.270225188,71900
20254,3027,Smartphone,Electronics,2,14741,2023-03-18 19:22:34.128440367,29482
20255,3027,Speaker,Accessories,2,3974,2023-03-19 02:39:43.986655546,7948
20256,3021,Headphones,Accessories,3,627,2023-03-19 09:56:53.844870726,1881
20257,3030,Mouse,Accessories,2,3261,2023-03-19 17:14:03.703085905,6522
20258,3097,Printer,Office,1,6456,2023-03-20 00:31:13.561301084,6456
20259,3028,Tablet,Electronics,1,13788,2023-03-20 07:48:23.419516264,13788
20260,3111,Monitor,Electronics,3,10201,2023-03-20 15:05:33.277731443,30603
20261,3061,Laptop,Electronics,4,30561,2023-03-20 22:22:43.135946622,122244
20262,3048,Smartphone,Electronics,3,21901,2023-03-21 05:39:52.994161802,65703
20263,3147,Monitor,Electronics,4,17737,2023-03-21 12:57:02.852376981,70948
20264,3004,Laptop,Electronics,2,50020,2023-03-21 20:14:12.710592160,100040
20265,3035,Keyboard,Accessories,3,1841,2023-03-22 03:31:22.568807340,5523
20266,3049,Laptop,Electronics,1,21988,2023-03-22 10:48:32.427022519,21988
20267,3017,Laptop,Electronics,2,34256,2023-03-22 18:05:42.285237698,68512
20268,3046,Keyboard,Accessories,1,4302,2023-03-23 01:22:52.143452877,4302
20269,3117,Headphones,Accessories,2,3775,2023-03-23 08:40:02.001668057,7550
20270,3006,Monitor,Electronics,3,17162,2023-03-23 15:57:11.859883236,51486
20271,3099,Tablet,Electronics,4,21065,2023-03-23 23:14:21.718098415,84260
20272,3124,Camera,Electronics,2,37625,2023-03-24 06:31:31.576313595,75250
20273,3037,Smartphone,Electronics,4,37088,2023-03-24 13:48:41.434528774,148352
20274,3024,Headphones,Accessories,2,707,2023-03-24 21:05:51.292743953,1414
20275,3093,Laptop,Electronics,1,58401,2023-03-25 04:23:01.150959133,58401
20276,3046,Printer,Office,1,7755,2023-03-25 11:40:11.009174312,7755
20277,3095,Tablet,Electronics,2,18825,2023-03-25 18:57:20.867389491,37650
20278,3099,Laptop,Electronics,4,42693,2023-03-26 02:14:30.725604671,170772
20279,3116,Speaker,Accessories,3,4617,2023-03-26 09:31:40.583819850,13851
20280,3067,Laptop,Electronics,3,44729,2023-03-26 16:48:50.442035029,134187
20281,3128,Monitor,Electronics,1,11518,2023-03-27 00:06:00.300250209,11518
20282,3018,Tablet,Electronics,3,24346,2023-03-27 07:23:10.158465388,73038
20283,3025,Camera,Electronics,1,17600,2023-03-27 14:40:20.016680567,17600
20284,3054,Tablet,Electronics,3,21237,2023-03-27 21:57:29.874895747,63711
20285,3058,Camera,Electronics,2,33579,2023-03-28 05:14:39.733110926,67158
20286,3067,Smartphone,Electronics,1,34267,2023-03-28 12:31:49.591326105,34267
20287,3104,Camera,Electronics,1,18554,2023-03-28 19:48:59.449541284,18554
20288,3024,Laptop,Electronics,2,46990,2023-03-29 03:06:09.307756464,93980
20289,3114,Speaker,Accessories,1,3349,2023-03-29 10:23:19.165971643,3349
20290,3032,Monitor,Electronics,3,25253,2023-03-29 17:40:29.024186822,75759
20291,3086,Camera,Electronics,3,31194,2023-03-30 00:57:38.882402002,93582
20292,3127,Mouse,Accessories,1,2242,2023-03-30 08:14:48.740617181,2242
20293,3130,Printer,Office,3,3306,2023-03-30 15:31:58.598832360,9918
20294,3017,Monitor,Electronics,4,13849,2023-03-30 22:49:08.457047540,55396
20295,3104,Tablet,Electronics,1,20360,2023-03-31 06:06:18.315262719,20360
20296,3137,Laptop,Electronics,2,49231,2023-03-31 13:23:28.173477898,98462
20297,3043,Laptop,Electronics,4,56963,2023-03-31 20:40:38.031693078,227852
20298,3039,Smartphone,Electronics,1,23689,2023-04-01 03:57:47.889908257,23689
20299,3026,Headphones,Accessories,2,1588,2023-04-01 11:14:57.748123436,3176
20300,3099,Camera,Electronics,3,17642,2023-04-01 18:32:07.606338616,52926
20301,3050,Smartphone,Electronics,2,19296,2023-04-02 01:49:17.464553795,38592
20302,3013,Speaker,Accessories,4,3494,2023-04-02 09:06:27.322768974,13976
20303,3060,Smartphone,Electronics,3,39039,2023-04-02 16:23:37.180984154,117117
20304,3135,Headphones,Accessories,1,2313,2023-04-02 23:40:47.039199333,2313
20305,3057,Camera,Electronics,3,42491,2023-04-03 06:57:56.897414512,127473
20306,3036,Printer,Office,1,10801,2023-04-03 14:15:06.755629692,10801
20307,3020,Mouse,Accessories,1,2961,2023-04-03 21:32:16.613844871,2961
20308,3065,Monitor,Electronics,2,18475,2023-04-04 04:49:26.472060050,36950
20309,3008,Tablet,Electronics,2,12396,2023-04-04 12:06:36.330275229,24792
20310,3144,Smartphone,Electronics,2,18318,2023-04-04 19:23:46.188490409,36636
20311,3142,Speaker,Accessories,4,1316,2023-04-05 02:40:56.046705588,5264
20312,3115,Speaker,Accessories,4,582,2023-04-05 09:58:05.904920767,2328
20313,3143,Printer,Office,2,3920,2023-04-05 17:15:15.763135947,7840
20314,3092,Headphones,Accessories,4,3991,2023-04-06 00:32:25.621351126,15964
20315,3098,Tablet,Electronics,3,19336,2023-04-06 07:49:35.479566305,58008
20316,3066,Laptop,Electronics,3,35596,2023-04-06 15:06:45.337781485,106788
20317,3032,Laptop,Electronics,4,22093,2023-04-06 22:23:55.195996664,88372
20318,3086,Smartphone,Electronics,4,17905,2023-04-07 05:41:05.054211843,71620
20319,3051,Mouse,Accessories,3,675,2023-04-07 12:58:14.912427023,2025
20320,3063,Camera,Electronics,1,20285,2023-04-07 20:15:24.770642202,20285
20321,3125,Tablet,Electronics,3,18896,2023-04-08 03:32:34.628857381,56688
20322,3150,Tablet,Electronics,3,12937,2023-04-08 10:49:44.487072561,38811
20323,3058,Mouse,Accessories,4,869,2023-04-08 18:06:54.345287740,3476
20324,3058,Smartphone,Electronics,3,23485,2023-04-09 01:24:04.203502919,70455
20325,3086,Keyboard,Accessories,4,3990,2023-04-09 08:41:14.061718099,15960
20326,3049,Speaker,Accessories,4,2279,2023-04-09 15:58:23.919933278,9116
20327,3070,Laptop,Electronics,2,27674,2023-04-09 23:15:33.778148457,55348
20328,3015,Camera,Electronics,3,32748,2023-04-10 06:32:43.636363636,98244
20329,3054,Monitor,Electronics,1,13676,2023-04-10 13:49:53.494578816,13676
20330,3101,Mouse,Accessories,2,2926,2023-04-10 21:07:03.352793995,5852
20331,3008,Tablet,Electronics,4,10962,2023-04-11 04:24:13.211009174,43848
20332,3053,Mouse,Accessories,4,1359,2023-04-11 11:41:23.069224354,5436
20333,3060,Camera,Electronics,1,27048,2023-04-11 18:58:32.927439533,27048
20334,3108,Speaker,Accessories,4,4638,2023-04-12 02:15:42.785654712,18552
20335,3005,Mouse,Accessories,3,2924,2023-04-12 09:32:52.643869892,8772
20336,3103,Smartphone,Electronics,2,30640,2023-04-12 16:50:02.502085071,61280
20337,3006,Monitor,Electronics,4,20409,2023-04-13 00:07:12.360300250,81636
20338,3109,Speaker,Accessories,4,4517,2023-04-13 07:24:22.218515430,18068
20339,3116,Smartphone,Electronics,1,15451,2023-04-13 14:41:32.076730609,15451
20340,3094,Printer,Office,3,13943,2023-04-13 21:58:41.934945788,41829
20341,3047,Printer,Office,4,12278,2023-04-14 05:15:51.793160968,49112
20342,3099,Tablet,Electronics,1,18996,2023-04-14 12:33:01.651376147,18996
20343,3055,Headphones,Accessories,4,650,2023-04-14 19:50:11.509591326,2600
20344,3052,Tablet,Electronics,1,9134,2023-04-15 03:07:21.367806506,9134
20345,3144,Speaker,Accessories,1,3284,2023-04-15 10:24:31.226021684,3284
20346,3013,Headphones,Accessories,3,4664,2023-04-15 17:41:41.084236864,13992
20347,3114,Smartphone,Electronics,4,10039,2023-04-16 00:58:50.942452044,40156
20348,3124,Speaker,Accessories,3,2750,2023-04-16 08:16:00.800667222,8250
20349,3106,Headphones,Accessories,1,560,2023-04-16 15:33:10.658882402,560
20350,3147,Camera,Electronics,2,36425,2023-04-16 22:50:20.517097582,72850
20351,3145,Mouse,Accessories,4,3510,2023-04-17 06:07:30.375312760,14040
20352,3120,Smartphone,Electronics,2,22568,2023-04-17 13:24:40.233527940,45136
20353,3063,Camera,Electronics,4,35810,2023-04-17 20:41:50.091743120,143240
20354,3019,Mouse,Accessories,3,2051,2023-04-18 03:58:59.949958298,6153
20355,3092,Monitor,Electronics,3,22625,2023-04-18 11:16:09.808173478,67875
20356,3058,Keyboard,Accessories,3,2129,2023-04-18 18:33:19.666388658,6387
20357,3090,Monitor,Electronics,3,27910,2023-04-19 01:50:29.524603836,83730
20358,3117,Headphones,Accessories,3,2173,2023-04-19 09:07:39.382819016,6519
20359,3062,Keyboard,Accessories,2,1861,2023-04-19 16:24:49.241034196,3722
20360,3023,Speaker,Accessories,3,2073,2023-04-19 23:41:59.099249374,6219
20361,3127,Smartphone,Electronics,1,9370,2023-04-20 06:59:08.957464554,9370
20362,3137,Printer,Office,1,7283,2023-04-20 14:16:18.815679734,7283
20363,3140,Smartphone,Electronics,2,12610,2023-04-20 21:33:28.673894912,25220
20364,3129,Camera,Electronics,4,25558,2023-04-21 04:50:38.532110092,102232
20365,3058,Headphones,Accessories,1,4257,2023-04-21 12:07:48.390325272,4257
20366,3122,Speaker,Accessories,4,2934,2023-04-21 19:24:58.248540450,11736
20367,3001,Mouse,Accessories,2,2493,2023-04-22 02:42:08.106755630,4986
20368,3034,Smartphone,Electronics,4,5869,2023-04-22 09:59:17.964970810,23476
20369,3096,Laptop,Electronics,4,51552,2023-04-22 17:16:27.823185988,206208
20370,3126,Headphones,Accessories,4,1514,2023-04-23 00:33:37.681401168,6056
20371,3118,Monitor,Electronics,4,20103,2023-04-23 07:50:47.539616348,80412
20372,3048,Smartphone,Electronics,2,21986,2023-04-23 15:07:57.397831526,43972
20373,3089,Camera,Electronics,1,27013,2023-04-23 22:25:07.256046706,27013
20374,3117,Mouse,Accessories,3,1190,2023-04-24 05:42:17.114261886,3570
20375,3129,Smartphone,Electronics,4,30069,2023-04-24 12:59:26.972477064,120276
20376,3016,Printer,Office,1,2489,2023-04-24 20:16:36.830692244,2489
20377,3069,Tablet,Electronics,1,18748,2023-04-25 03:33:46.688907422,18748
20378,3022,Headphones,Accessories,2,4985,2023-04-25 10:50:56.547122602,9970
20379,3093,Headphones,Accessories,1,794,2023-04-25 18:08:06.405337782,794
20380,3076,Laptop,Electronics,2,58256,2023-04-26 01:25:16.263552960,116512
20381,3144,Tablet,Electronics,4,19035,2023-04-26 08:42:26.121768140,76140
20382,3086,Printer,Office,4,4912,2023-04-26 15:59:35.979983320,19648
20383,3029,Mouse,Accessories,3,2217,2023-04-26 23:16:45.838198498,6651
20384,3069,Camera,Electronics,3,42172,2023-04-27 06:33:55.696413678,126516
20385,3047,Camera,Electronics,3,36128,2023-04-27 13:51:05.554628858,108384
20386,3094,Monitor,Electronics,1,28257,2023-04-27 21:08:15.412844036,28257
20387,3144,Camera,Electronics,4,27855,2023-04-28 04:25:25.271059216,111420
20388,3085,Smartphone,Electronics,2,24642,2023-04-28 11:42:35.129274396,49284
20389,3039,Laptop,Electronics,3,55585,2023-04-28 18:59:44.987489574,166755
20390,3100,Smartphone,Electronics,2,25025,2023-04-29 02:16:54.845704754,50050
20391,3033,Laptop,Electronics,2,24458,2023-04-29 09:34:04.703919934,48916
20392,3101,Monitor,Electronics,3,15307,2023-04-29 16:51:14.562135112,45921
20393,3023,Speaker,Accessories,4,1241,2023-04-30 00:08:24.420350292,4964
20394,3010,Laptop,Electronics,3,38425,2023-04-30 07:25:34.278565472,115275
20395,3069,Headphones,Accessories,2,1179,2023-04-30 14:42:44.136780650,2358
20396,3100,Mouse,Accessories,3,2967,2023-04-30 21:59:53.994995830,8901
20397,3034,Speaker,Accessories,2,4197,2023-05-01 05:17:03.853211010,8394
20398,3138,Smartphone,Electronics,2,10668,2023-05-01 12:34:13.711426188,21336
20399,3147,Monitor,Electronics,3,24427,2023-05-01 19:51:23.569641368,73281
20400,3096,Laptop,Electronics,1,27697,2023-05-02 03:08:33.427856548,27697
20401,3001,Headphones,Accessories,3,562,2023-05-02 10:25:43.286071726,1686
20402,3069,Speaker,Accessories,1,3059,2023-05-02 17:42:53.144286906,3059
20403,3004,Speaker,Accessories,2,4269,2023-05-03 01:00:03.002502086,8538
20404,3016,Laptop,Electronics,2,27352,2023-05-03 08:17:12.860717264,54704
20405,3024,Speaker,Accessories,1,4851,2023-05-03 15:34:22.718932444,4851
20406,3080,Printer,Office,2,10326,2023-05-03 22:51:32.577147624,20652
20407,3002,Camera,Electronics,1,18644,2023-05-04 06:08:42.435362802,18644
20408,3128,Mouse,Accessories,1,2635,2023-05-04 13:25:52.293577982,2635
20409,3084,Monitor,Electronics,2,18003,2023-05-04 20:43:02.151793162,36006
20410,3140,Mouse,Accessories,4,3778,2023-05-05 04:00:12.010008340,15112
20411,3124,Printer,Office,1,9296,2023-05-05 11:17:21.868223520,9296
20412,3033,Headphones,Accessories,3,1322,2023-05-05 18:34:31.726438700,3966
20413,3101,Laptop,Electronics,3,55842,2023-05-06 01:51:41.584653878,167526
20414,3012,Smartphone,Electronics,2,18261,2023-05-06 09:08:51.442869058,36522
20415,3067,Tablet,Electronics,4,19173,2023-05-06 16:26:01.301084236,76692
20416,3065,Smartphone,Electronics,2,35449,2023-05-06 23:43:11.159299416,70898
20417,3074,Tablet,Electronics,4,16312,2023-05-07 07:00:21.017514596,65248
20418,3043,Speaker,Accessories,1,2137,2023-05-07 14:17:30.875729774,2137
20419,3044,Laptop,Electronics,1,51781,2023-05-07 21:34:40.733944954,51781
20420,3029,Tablet,Electronics,1,21652,2023-05-08 04:51:50.592160134,21652
20421,3141,Mouse,Accessories,1,1424,2023-05-08 12:09:00.450375312,1424
20422,3012,Camera,Electronics,3,32028,2023-05-08 19:26:10.308590492,96084
20423,3095,Headphones,Accessories,3,2532,2023-05-09 02:43:20.166805672,7596
20424,3046,Tablet,Electronics,2,10761,2023-05-09 10:00:30.025020850,21522
20425,3130,Camera,Electronics,4,30195,2023-05-09 17:17:39.883236030,120780
20426,3035,Speaker,Accessories,1,2568,2023-05-10 00:34:49.741451210,2568
20427,3081,Tablet,Electronics,1,24625,2023-05-10 07:51:59.599666388,24625
20428,3090,Mouse,Accessories,4,3168,2023-05-10 15:09:09.457881568,12672
20429,3008,Printer,Office,4,2802,2023-05-10 22:26:19.316096748,11208
20430,3093,Camera,Electronics,2,36443,2023-05-11 05:43:29.174311926,72886
20431,3090,Monitor,Electronics,4,22356,2023-05-11 13:00:39.032527106,89424
20432,3115,Laptop,Electronics,1,52963,2023-05-11 20:17:48.890742286,52963
20433,3105,Speaker,Accessories,1,2687,2023-05-12 03:34:58.748957464,2687
20434,3135,Tablet,Electronics,1,19707,2023-05-12 10:52:08.607172644,19707
20435,3058,Tablet,Electronics,1,10330,2023-05-12 18:09:18.465387824,10330
20436,3114,Smartphone,Electronics,1,31935,2023-05-13 01:26:28.323603002,31935
20437,3075,Printer,Office,2,6841,2023-05-13 08:43:38.181818182,13682
20438,3120,Keyboard,Accessories,1,4106,2023-05-13 16:00:48.040033362,4106
20439,3021,Printer,Office,2,10468,2023-05-13 23:17:57.898248540,20936
20440,3138,Laptop,Electronics,1,52828,2023-05-14 06:35:07.756463720,52828
20441,3101,Printer,Office,3,13582,2023-05-14 13:52:17.614678900,40746
20442,3099,Speaker,Accessories,3,2413,2023-05-14 21:09:27.472894078,7239
20443,3036,Laptop,Electronics,3,34387,2023-05-15 04:26:37.331109258,103161
20444,3096,Speaker,Accessories,3,4427,2023-05-15 11:43:47.189324438,13281
20445,3037,Keyboard,Accessories,2,3091,2023-05-15 19:00:57.047539616,6182
20446,3012,Camera,Electronics,2,40142,2023-05-16 02:18:06.905754796,80284
20447,3113,Camera,Electronics,4,27127,2023-05-16 09:35:16.763969976,108508
20448,3013,Monitor,Electronics,1,25748,2023-05-16 16:52:26.622185154,25748
20449,3023,Tablet,Electronics,3,14121,2023-05-17 00:09:36.480400334,42363
20450,3099,Camera,Electronics,2,16200,2023-05-17 07:26:46.338615514,32400
20451,3105,Keyboard,Accessories,1,4909,2023-05-17 14:43:56.196830692,4909
20452,3030,Smartphone,Electronics,1,24238,2023-05-17 22:01:06.055045872,24238
20453,3017,Printer,Office,2,13087,2023-05-18 05:18:15.913261052,26174
20454,3113,Camera,Electronics,3,38408,2023-05-18 12:35:25.771476230,115224
20455,3062,Tablet,Electronics,4,14972,2023-05-18 19:52:35.629691410,59888
20456,3084,Camera,Electronics,1,15136,2023-05-19 03:09:45.487906588,15136
20457,3112,Mouse,Accessories,4,1529,2023-05-19 10:26:55.346121768,6116
20458,3086,Camera,Electronics,3,30346,2023-05-19 17:44:05.204336948,91038
20459,3141,Headphones,Accessories,3,2656,2023-05-20 01:01:15.062552126,7968
20460,3019,Monitor,Electronics,4,28978,2023-05-20 08:18:24.920767306,115912
20461,3100,Laptop,Electronics,3,20661,2023-05-20 15:35:34.778982486,61983
20462,3140,Smartphone,Electronics,1,32253,2023-05-20 22:52:44.637197664,32253
20463,3147,Keyboard,Accessories,4,2808,2023-05-21 06:09:54.495412844,11232
20464,3076,Keyboard,Accessories,3,586,2023-05-21 13:27:04.353628024,1758
20465,3009,Tablet,Electronics,4,18704,2023-05-21 20:44:14.211843202,74816
20466,3028,Keyboard,Accessories,1,3442,2023-05-22 04:01:24.070058382,3442
20467,3128,Mouse,Accessories,3,3273,2023-05-22 11:18:33.928273562,9819
20468,3052,Smartphone,Electronics,1,32886,2023-05-22 18:35:43.786488740,32886
20469,3083,Keyboard,Accessories,3,2200,2023-05-23 01:52:53.644703920,6600
20470,3111,Smartphone,Electronics,2,33246,2023-05-23 09:10:03.502919100,66492
20471,3144,Laptop,Electronics,3,55468,2023-05-23 16:27:13.361134278,166404
20472,3117,Printer,Office,4,8815,2023-05-23 23:44:23.219349458,35260
20473,3069,Printer,Office,3,13821,2023-05-24 07:01:33.077564638,41463
20474,3099,Printer,Office,1,14782,2023-05-24 14:18:42.935779816,14782
20475,3140,Mouse,Accessories,1,2147,2023-05-24 21:35:52.793994996,2147
20476,3025,Keyboard,Accessories,3,3818,2023-05-25 04:53:02.652210176,11454
20477,3123,Camera,Electronics,4,18687,2023-05-25 12:10:12.510425354,74748
20478,3053,Monitor,Electronics,2,26980,2023-05-25 19:27:22.368640534,53960
20479,3144,Mouse,Accessories,4,984,2023-05-26 02:44:32.226855714,3936
20480,3057,Laptop,Electronics,2,34955,2023-05-26 10:01:42.085070892,69910
20481,3039,Smartphone,Electronics,1,18917,2023-05-26 17:18:51.943286072,18917
20482,3109,Keyboard,Accessories,4,4884,2023-05-27 00:36:01.801501252,19536
20483,3042,Keyboard,Accessories,2,1220,2023-05-27 07:53:11.659716430,2440
20484,3142,Monitor,Electronics,3,14733,2023-05-27 15:10:21.517931610,44199
20485,3122,Monitor,Electronics,1,17081,2023-05-27 22:27:31.376146790,17081
20486,3133,Printer,Office,3,10690,2023-05-28 05:44:41.234361968,32070
20487,3075,Tablet,Electronics,1,9673,2023-05-28 13:01:51.092577148,9673
20488,3146,Camera,Electronics,4,29318,2023-05-28 20:19:00.950792328,117272
20489,3076,Tablet,Electronics,4,19171,2023-05-29 03:36:10.809007506,76684
20490,3009,Speaker,Accessories,1,2236,2023-05-29 10:53:20.667222686,2236
20491,3074,Laptop,Electronics,1,46829,2023-05-29 18:10:30.525437866,46829
20492,3145,Headphones,Accessories,1,2794,2023-05-30 01:27:40.383653044,2794
20493,3007,Laptop,Electronics,4,23630,2023-05-30 08:44:50.241868224,94520
20494,3141,Printer,Office,2,2146,2023-05-30 16:02:00.100083402,4292
20495,3137,Speaker,Accessories,3,4482,2023-05-30 23:19:09.958298582,13446
20496,3027,Smartphone,Electronics,3,8453,2023-05-31 06:36:19.816513762,25359
20497,3122,Speaker,Accessories,4,2910,2023-05-31 13:53:29.674728940,11640
20498,3005,Laptop,Electronics,3,58396,2023-05-31 21:10:39.532944120,175188
20499,3029,Speaker,Accessories,1,636,2023-06-01 04:27:49.391159300,636
20500,3083,Keyboard,Accessories,2,3860,2023-06-01 11:44:59.249374478,7720
20501,3136,Laptop,Electronics,3,39389,2023-06-01 19:02:09.107589658,118167
20502,3109,Mouse,Accessories,2,4052,2023-06-02 02:19:18.965804838,8104
20503,3065,Smartphone,Electronics,1,19665,2023-06-02 09:36:28.824020016,19665
20504,3086,Smartphone,Electronics,3,13640,2023-06-02 16:53:38.682235196,40920
20505,3145,Smartphone,Electronics,4,39716,2023-06-03 00:10:48.540450376,158864
20506,3071,Camera,Electronics,2,40521,2023-06-03 07:27:58.398665554,81042
20507,3045,Monitor,Electronics,1,15618,2023-06-03 14:45:08.256880734,15618
20508,3132,Smartphone,Electronics,2,6920,2023-06-03 22:02:18.115095914,13840
20509,3036,Printer,Office,3,13169,2023-06-04 05:19:27.973311092,39507
20510,3070,Tablet,Electronics,3,12188,2023-06-04 12:36:37.831526272,36564
20511,3019,Smartphone,Electronics,4,17207,2023-06-04 19:53:47.689741452,68828
20512,3108,Keyboard,Accessories,1,738,2023-06-05 03:10:57.547956630,738
20513,3091,Headphones,Accessories,1,704,2023-06-05 10:28:07.406171810,704
20514,3090,Headphones,Accessories,4,3107,2023-06-05 17:45:17.264386990,12428
20515,3019,Tablet,Electronics,4,13552,2023-06-06 01:02:27.122602168,54208
20516,3039,Headphones,Accessories,1,4840,2023-06-06 08:19:36.980817348,4840
20517,3126,Monitor,Electronics,2,14927,2023-06-06 15:36:46.839032528,29854
20518,3141,Tablet,Electronics,2,19164,2023-06-06 22:53:56.697247706,38328
20519,3126,Laptop,Electronics,4,57158,2023-06-07 06:11:06.555462886,228632
20520,3058,Monitor,Electronics,2,29071,2023-06-07 13:28:16.413678066,58142
20521,3148,Smartphone,Electronics,1,11160,2023-06-07 20:45:26.271893244,11160
20522,3061,Speaker,Accessories,3,4666,2023-06-08 04:02:36.130108424,13998
20523,3127,Mouse,Accessories,3,1848,2023-06-08 11:19:45.988323604,5544
20524,3105,Camera,Electronics,2,43976,2023-06-08 18:36:55.846538782,87952
20525,3001,Monitor,Electronics,4,25810,2023-06-09 01:54:05.704753962,103240
20526,3131,Laptop,Electronics,4,25126,2023-06-09 09:11:15.562969142,100504
20527,3092,Printer,Office,4,2816,2023-06-09 16:28:25.421184320,11264
20528,3113,Speaker,Accessories,4,1320,2023-06-09 23:45:35.279399500,5280
20529,3056,Printer,Office,4,2192,2023-06-10 07:02:45.137614680,8768
20530,3117,Camera,Electronics,2,33160,2023-06-10 14:19:54.995829858,66320
20531,3134,Speaker,Accessories,3,4145,2023-06-10 21:37:04.854045038,12435
20532,3058,Smartphone,Electronics,3,17816,2023-06-11 04:54:14.712260218,53448
20533,3044,Smartphone,Electronics,2,37130,2023-06-11 12:11:24.570475396,74260
20534,3061,Printer,Office,4,9374,2023-06-11 19:28:34.428690576,37496
20535,3047,Keyboard,Accessories,2,4200,2023-06-12 02:45:44.286905754,8400
20536,3149,Camera,Electronics,3,25655,2023-06-12 10:02:54.145120934,76965
20537,3080,Speaker,Accessories,1,1667,2023-06-12 17:20:04.003336114,1667
20538,3118,Keyboard,Accessories,2,4393,2023-06-13 00:37:13.861551292,8786
20539,3147,Smartphone,Electronics,4,38272,2023-06-13 07:54:23.719766472,153088
20540,3020,Camera,Electronics,3,24813,2023-06-13 15:11:33.577981652,74439
20541,3146,Smartphone,Electronics,3,19671,2023-06-13 22:28:43.436196830,59013
20542,3047,Camera,Electronics,3,42048,2023-06-14 05:45:53.294412010,126144
20543,3049,Mouse,Accessories,3,3046,2023-06-14 13:03:03.152627190,9138
20544,3014,Printer,Office,4,11579,2023-06-14 20:20:13.010842368,46316
20545,3143,Laptop,Electronics,1,26773,2023-06-15 03:37:22.869057548,26773
20546,3001,Printer,Office,3,5816,2023-06-15 10:54:32.727272728,17448
20547,3117,Mouse,Accessories,2,1217,2023-06-15 18:11:42.585487906,2434
20548,3054,Monitor,Electronics,1,21676,2023-06-16 01:28:52.443703086,21676
20549,3118,Headphones,Accessories,3,4934,2023-06-16 08:46:02.301918266,14802
20550,3003,Tablet,Electronics,1,13057,2023-06-16 16:03:12.160133444,13057
20551,3144,Camera,Electronics,2,35392,2023-06-16 23:20:22.018348624,70784
20552,3012,Smartphone,Electronics,3,34100,2023-06-17 06:37:31.876563804,102300
20553,3074,Laptop,Electronics,2,24994,2023-06-17 13:54:41.734778982,49988
20554,3016,Laptop,Electronics,4,24234,2023-06-17 21:11:51.592994162,96936
20555,3102,Printer,Office,3,5764,2023-06-18 04:29:01.451209342,17292
20556,3117,Printer,Office,3,13181,2023-06-18 11:46:11.309424520,39543
20557,3008,Monitor,Electronics,3,14637,2023-06-18 19:03:21.167639700,43911
20558,3122,Smartphone,Electronics,3,39872,2023-06-19 02:20:31.025854880,119616
20559,3092,Keyboard,Accessories,4,1755,2023-06-19 09:37:40.884070058,7020
20560,3090,Monitor,Electronics,3,20674,2023-06-19 16:54:50.742285238,62022
20561,3136,Mouse,Accessories,1,883,2023-06-20 00:12:00.600500418,883
20562,3060,Speaker,Accessories,3,3107,2023-06-20 07:29:10.458715596,9321
20563,3028,Headphones,Accessories,4,693,2023-06-20 14:46:20.316930776,2772
20564,3101,Tablet,Electronics,3,19999,2023-06-20 22:03:30.175145956,59997
20565,3041,Keyboard,Accessories,1,4219,2023-06-21 05:20:40.033361134,4219
20566,3145,Mouse,Accessories,4,3081,2023-06-21 12:37:49.891576314,12324
20567,3141,Tablet,Electronics,4,10763,2023-06-21 19:54:59.749791494,43052
20568,3046,Tablet,Electronics,1,13991,2023-06-22 03:12:09.608006672,13991
20569,3035,Speaker,Accessories,1,2839,2023-06-22 10:29:19.466221852,2839
20570,3134,Headphones,Accessories,1,3906,2023-06-22 17:46:29.324437032,3906
20571,3082,Laptop,Electronics,1,45307,2023-06-23 01:03:39.182652210,45307
20572,3115,Tablet,Electronics,1,19064,2023-06-23 08:20:49.040867390,19064
20573,3047,Monitor,Electronics,4,21312,2023-06-23 15:37:58.899082568,85248
20574,3010,Smartphone,Electronics,4,11476,2023-06-23 22:55:08.757297748,45904
20575,3056,Laptop,Electronics,3,44565,2023-06-24 06:12:18.615512928,133695
20576,3030,Laptop,Electronics,3,22382,2023-06-24 13:29:28.473728106,67146
20577,3109,Speaker,Accessories,2,1031,2023-06-24 20:46:38.331943286,2062
20578,3005,Headphones,Accessories,3,4816,2023-06-25 04:03:48.190158466,14448
20579,3119,Smartphone,Electronics,3,38402,2023-06-25 11:20:58.048373644,115206
20580,3033,Smartphone,Electronics,1,31345,2023-06-25 18:38:07.906588824,31345
20581,3118,Keyboard,Accessories,1,4304,2023-06-26 01:55:17.764804004,4304
20582,3065,Laptop,Electronics,3,46946,2023-06-26 09:12:27.623019182,140838
20583,3146,Monitor,Electronics,2,24162,2023-06-26 16:29:37.481234362,48324
20584,3011,Laptop,Electronics,1,28397,2023-06-26 23:46:47.339449542,28397
20585,3085,Camera,Electronics,3,37335,2023-06-27 07:03:57.197664720,112005
20586,3026,Smartphone,Electronics,3,19394,2023-06-27 14:21:07.055879900,58182
20587,3063,Monitor,Electronics,4,12890,2023-06-27 21:38:16.914095080,51560
20588,3086,Speaker,Accessories,2,3693,2023-06-28 04:55:26.772310258,7386
20589,3059,Printer,Office,4,12858,2023-06-28 12:12:36.630525438,51432
20590,3027,Monitor,Electronics,2,18026,2023-06-28 19:29:46.488740618,36052
20591,3098,Smartphone,Electronics,1,8306,2023-06-29 02:46:56.346955796,8306
20592,3105,Smartphone,Electronics,2,38665,2023-06-29 10:04:06.205170976,77330
20593,3099,Printer,Office,3,11277,2023-06-29 17:21:16.063386156,33831
20594,3129,Speaker,Accessories,3,1779,2023-06-30 00:38:25.921601334,5337
20595,3149,Printer,Office,2,2670,2023-06-30 07:55:35.779816514,5340
20596,3055,Monitor,Electronics,2,27889,2023-06-30 15:12:45.638031694,55778
20597,3006,Tablet,Electronics,2,19767,2023-06-30 22:29:55.496246872,39534
20598,3095,Mouse,Accessories,4,2455,2023-07-01 05:47:05.354462052,9820
20599,3133,Laptop,Electronics,2,41639,2023-07-01 13:04:15.212677232,83278
20600,3102,Monitor,Electronics,1,26633,2023-07-01 20:21:25.070892410,26633
20601,3003,Speaker,Accessories,4,2392,2023-07-02 03:38:34.929107590,9568
20602,3023,Headphones,Accessories,4,3939,2023-07-02 10:55:44.787322770,15756
20603,3053,Tablet,Electronics,2,10854,2023-07-02 18:12:54.645537948,21708
20604,3083,Smartphone,Electronics,1,16577,2023-07-03 01:30:04.503753128,16577
20605,3145,Monitor,Electronics,4,21763,2023-07-03 08:47:14.361968308,87052
20606,3085,Laptop,Electronics,3,40176,2023-07-03 16:04:24.220183486,120528
20607,3078,Mouse,Accessories,4,3926,2023-07-03 23:21:34.078398666,15704
20608,3110,Tablet,Electronics,2,16235,2023-07-04 06:38:43.936613846,32470
20609,3001,Smartphone,Electronics,1,24996,2023-07-04 13:55:53.794829024,24996
20610,3051,Printer,Office,2,4618,2023-07-04 21:13:03.653044204,9236
20611,3004,Camera,Electronics,3,36062,2023-07-05 04:30:13.511259384,108186
20612,3113,Speaker,Accessories,3,3663,2023-07-05 11:47:23.369474562,10989
20613,3032,Smartphone,Electronics,3,39693,2023-07-05 19:04:33.227689742,119079
20614,3034,Keyboard,Accessories,2,3472,2023-07-06 02:21:43.085904920,6944
20615,3092,Headphones,Accessories,4,4013,2023-07-06 09:38:52.944120100,16052
20616,3095,Speaker,Accessories,2,2948,2023-07-06 16:56:02.802335280,5896
20617,3072,Speaker,Accessories,1,3971,2023-07-07 00:13:12.660550458,3971
20618,3039,Monitor,Electronics,4,20966,2023-07-07 07:30:22.518765638,83864
20619,3118,Camera,Electronics,3,32374,2023-07-07 14:47:32.376980818,97122
20620,3003,Monitor,Electronics,2,21138,2023-07-07 22:04:42.235195996,42276
20621,3123,Printer,Office,3,3812,2023-07-08 05:21:52.093411176,11436
20622,3050,Laptop,Electronics,3,35935,2023-07-08 12:39:01.951626356,107805
20623,3012,Tablet,Electronics,1,21145,2023-07-08 19:56:11.809841534,21145
20624,3054,Headphones,Accessories,4,1303,2023-07-09 03:13:21.668056714,5212
20625,3133,Camera,Electronics,1,15489,2023-07-09 10:30:31.526271894,15489
20626,3057,Camera,Electronics,1,26748,2023-07-09 17:47:41.384487072,26748
20627,3145,Tablet,Electronics,1,11516,2023-07-10 01:04:51.242702252,11516
20628,3112,Laptop,Electronics,3,59178,2023-07-10 08:22:01.100917432,177534
20629,3047,Smartphone,Electronics,1,37821,2023-07-10 15:39:10.959132610,37821
20630,3085,Smartphone,Electronics,1,21999,2023-07-10 22:56:20.817347790,21999
20631,3142,Keyboard,Accessories,4,1454,2023-07-11 06:13:30.675562970,5816
20632,3066,Laptop,Electronics,4,30625,2023-07-11 13:30:40.533778148,122500
20633,3075,Speaker,Accessories,1,2129,2023-07-11 20:47:50.391993328,2129
20634,3103,Monitor,Electronics,4,20973,2023-07-12 04:05:00.250208508,83892
20635,3038,Smartphone,Electronics,4,11859,2023-07-12 11:22:10.108423686,47436
20636,3050,Keyboard,Accessories,1,1149,2023-07-12 18:39:19.966638866,1149
20637,3098,Mouse,Accessories,3,2847,2023-07-13 01:56:29.824854046,8541
20638,3082,Printer,Office,1,14682,2023-07-13 09:13:39.683069224,14682
20639,3030,Monitor,Electronics,4,13278,2023-07-13 16:30:49.541284404,53112
20640,3079,Speaker,Accessories,3,3140,2023-07-13 23:47:59.399499584,9420
20641,3091,Mouse,Accessories,2,4301,2023-07-14 07:05:09.257714762,8602
20642,3052,Speaker,Accessories,3,3061,2023-07-14 14:22:19.115929942,9183
20643,3079,Camera,Electronics,4,42825,2023-07-14 21:39:28.974145122,171300
20644,3030,Smartphone,Electronics,3,11539,2023-07-15 04:56:38.832360300,34617
20645,3106,Speaker,Accessories,1,870,2023-07-15 12:13:48.690575480,870
20646,3051,Laptop,Electronics,2,53625,2023-07-15 19:30:58.548790660,107250
20647,3081,Camera,Electronics,2,19886,2023-07-16 02:48:08.407005838,39772
20648,3133,Keyboard,Accessories,2,883,2023-07-16 10:05:18.265221018,1766
20649,3029,Camera,Electronics,4,29397,2023-07-16 17:22:28.123436198,117588
20650,3132,Camera,Electronics,4,43453,2023-07-17 00:39:37.981651376,173812
20651,3138,Camera,Electronics,2,25744,2023-07-17 07:56:47.839866556,51488
20652,3145,Camera,Electronics,3,19334,2023-07-17 15:13:57.698081734,58002
20653,3074,Smartphone,Electronics,2,17226,2023-07-17 22:31:07.556296914,34452
20654,3017,Laptop,Electronics,3,47869,2023-07-18 05:48:17.414512094,143607
20655,3084,Keyboard,Accessories,3,4751,2023-07-18 13:05:27.272727272,14253
20656,3069,Headphones,Accessories,4,4488,2023-07-18 20:22:37.130942452,17952
20657,3034,Tablet,Electronics,3,24140,2023-07-19 03:39:46.989157632,72420
20658,3006,Smartphone,Electronics,2,5922,2023-07-19 10:56:56.847372810,11844
20659,3053,Speaker,Accessories,4,3415,2023-07-19 18:14:06.705587990,13660
20660,3126,Printer,Office,1,13142,2023-07-20 01:31:16.563803170,13142
20661,3043,Camera,Electronics,1,22957,2023-07-20 08:48:26.422018348,22957
20662,3115,Headphones,Accessories,4,3546,2023-07-20 16:05:36.280233528,14184
20663,3111,Camera,Electronics,2,30796,2023-07-20 23:22:46.138448708,61592
20664,3080,Speaker,Accessories,1,1474,2023-07-21 06:39:55.996663886,1474
20665,3095,Mouse,Accessories,1,1730,2023-07-21 13:57:05.854879066,1730
20666,3118,Printer,Office,3,12627,2023-07-21 21:14:15.713094246,37881
20667,3144,Tablet,Electronics,3,18006,2023-07-22 04:31:25.571309424,54018
20668,3008,Headphones,Accessories,2,3434,2023-07-22 11:48:35.429524604,6868
20669,3132,Monitor,Electronics,4,14933,2023-07-22 19:05:45.287739784,59732
20670,3104,Keyboard,Accessories,2,1863,2023-07-23 02:22:55.145954962,3726
20671,3132,Headphones,Accessories,4,4440,2023-07-23 09:40:05.004170142,17760
20672,3025,Keyboard,Accessories,1,703,2023-07-23 16:57:14.862385322,703
20673,3096,Laptop,Electronics,3,36544,2023-07-24 00:14:24.720600500,109632
20674,3093,Laptop,Electronics,2,35899,2023-07-24 07:31:34.578815680,71798
20675,3061,Headphones,Accessories,2,4987,2023-07-24 14:48:44.437030860,9974
20676,3122,Speaker,Accessories,4,1268,2023-07-24 22:05:54.295246038,5072
20677,3051,Monitor,Electronics,4,13748,2023-07-25 05:23:04.153461218,54992
20678,3147,Speaker,Accessories,2,3081,2023-07-25 12:40:14.011676398,6162
20679,3021,Mouse,Accessories,4,1593,2023-07-25 19:57:23.869891576,6372
20680,3005,Smartphone,Electronics,2,20228,2023-07-26 03:14:33.728106756,40456
20681,3092,Monitor,Electronics,2,26034,2023-07-26 10:31:43.586321936,52068
20682,3061,Mouse,Accessories,2,2040,2023-07-26 17:48:53.444537114,4080
20683,3022,Laptop,Electronics,1,39259,2023-07-27 01:06:03.302752294,39259
20684,3149,Printer,Office,4,5191,2023-07-27 08:23:13.160967474,20764
20685,3070,Smartphone,Electronics,3,38457,2023-07-27 15:40:23.019182652,115371
20686,3001,Printer,Office,3,5759,2023-07-27 22:57:32.877397832,17277
20687,3133,Printer,Office,4,13141,2023-07-28 06:14:42.735613012,52564
20688,3012,Headphones,Accessories,2,2603,2023-07-28 13:31:52.593828192,5206
20689,3090,Laptop,Electronics,3,20365,2023-07-28 20:49:02.452043368,61095
20690,3046,Camera,Electronics,3,29010,2023-07-29 04:06:12.310258548,87030
20691,3034,Mouse,Accessories,4,4075,2023-07-29 11:23:22.168473728,16300
20692,3078,Laptop,Electronics,3,36103,2023-07-29 18:40:32.026688908,108309
20693,3045,Speaker,Accessories,2,4699,2023-07-30 01:57:41.884904088,9398
20694,3073,Laptop,Electronics,4,56940,2023-07-30 09:14:51.743119268,227760
20695,3026,Tablet,Electronics,2,23623,2023-07-30 16:32:01.601334444,47246
20696,3047,Speaker,Accessories,3,2878,2023-07-30 23:49:11.459549624,8634
20697,3121,Smartphone,Electronics,3,26372,2023-07-31 07:06:21.317764804,79116
20698,3056,Headphones,Accessories,2,4339,2023-07-31 14:23:31.175979984,8678
20699,3094,Headphones,Accessories,1,3235,2023-07-31 21:40:41.034195164,3235
20700,3107,Smartphone,Electronics,3,35746,2023-08-01 04:57:50.892410344,107238
20701,3063,Laptop,Electronics,1,47923,2023-08-01 12:15:00.750625520,47923
20702,3048,Tablet,Electronics,3,17867,2023-08-01 19:32:10.608840700,53601
20703,3061,Laptop,Electronics,1,53724,2023-08-02 02:49:20.467055880,53724
20704,3081,Monitor,Electronics,1,19306,2023-08-02 10:06:30.325271060,19306
20705,3026,Speaker,Accessories,1,3005,2023-08-02 17:23:40.183486240,3005
20706,3036,Camera,Electronics,2,32858,2023-08-03 00:40:50.041701420,65716
20707,3001,Printer,Office,1,6460,2023-08-03 07:57:59.899916596,6460
20708,3008,Smartphone,Electronics,1,28386,2023-08-03 15:15:09.758131776,28386
20709,3113,Printer,Office,1,14638,2023-08-03 22:32:19.616346956,14638
20710,3099,Monitor,Electronics,3,29212,2023-08-04 05:49:29.474562136,87636
20711,3047,Mouse,Accessories,1,3350,2023-08-04 13:06:39.332777316,3350
20712,3127,Headphones,Accessories,3,3006,2023-08-04 20:23:49.190992492,9018
20713,3056,Speaker,Accessories,1,4270,2023-08-05 03:40:59.049207672,4270
20714,3014,Mouse,Accessories,1,3464,2023-08-05 10:58:08.907422852,3464
20715,3028,Headphones,Accessories,2,1449,2023-08-05 18:15:18.765638032,2898
20716,3078,Keyboard,Accessories,3,3350,2023-08-06 01:32:28.623853212,10050
20717,3130,Keyboard,Accessories,1,665,2023-08-06 08:49:38.482068392,665
20718,3109,Camera,Electronics,3,43062,2023-08-06 16:06:48.340283568,129186
20719,3014,Tablet,Electronics,3,18701,2023-08-06 23:23:58.198498748,56103
20720,3056,Tablet,Electronics,4,8919,2023-08-07 06:41:08.056713928,35676
20721,3115,Laptop,Electronics,2,37375,2023-08-07 13:58:17.914929108,74750
20722,3007,Keyboard,Accessories,2,4339,2023-08-07 21:15:27.773144288,8678
20723,3003,Mouse,Accessories,2,1758,2023-08-08 04:32:37.631359468,3516
20724,3111,Laptop,Electronics,4,43993,2023-08-08 11:49:47.489574644,175972
20725,3107,Smartphone,Electronics,4,26188,2023-08-08 19:06:57.347789824,104752
20726,3018,Tablet,Electronics,2,18776,2023-08-09 02:24:07.206005004,37552
20727,3038,Headphones,Accessories,4,567,2023-08-09 09:41:17.064220184,2268
20728,3115,Monitor,Electronics,4,19788,2023-08-09 16:58:26.922435364,79152
20729,3015,Smartphone,Electronics,4,10660,2023-08-10 00:15:36.780650544,42640
20730,3119,Laptop,Electronics,2,24478,2023-08-10 07:32:46.638865720,48956
20731,3028,Smartphone,Electronics,2,13210,2023-08-10 14:49:56.497080900,26420
20732,3039,Speaker,Accessories,2,3230,2023-08-10 22:07:06.355296080,6460
20733,3017,Camera,Electronics,4,18521,2023-08-11 05:24:16.213511260,74084
20734,3086,Speaker,Accessories,2,1072,2023-08-11 12:41:26.071726440,2144
20735,3126,Mouse,Accessories,4,2758,2023-08-11 19:58:35.929941620,11032
20736,3044,Laptop,Electronics,1,31094,2023-08-12 03:15:45.788156796,31094
20737,3025,Monitor,Electronics,4,10650,2023-08-12 10:32:55.646371976,42600
20738,3145,Mouse,Accessories,3,3087,2023-08-12 17:50:05.504587156,9261
20739,3013,Camera,Electronics,2,39260,2023-08-13 01:07:15.362802336,78520
20740,3025,Laptop,Electronics,2,23262,2023-08-13 08:24:25.221017516,46524
20741,3068,Mouse,Accessories,3,1838,2023-08-13 15:41:35.079232696,5514
20742,3138,Headphones,Accessories,4,4134,2023-08-13 22:58:44.937447872,16536
20743,3067,Smartphone,Electronics,1,27164,2023-08-14 06:15:54.795663052,27164
20744,3109,Tablet,Electronics,3,10827,2023-08-14 13:33:04.653878232,32481
20745,3146,Mouse,Accessories,3,2717,2023-08-14 20:50:14.512093412,8151
20746,3111,Keyboard,Accessories,4,4039,2023-08-15 04:07:24.370308592,16156
20747,3111,Keyboard,Accessories,2,1537,2023-08-15 11:24:34.228523772,3074
20748,3034,Mouse,Accessories,4,4883,2023-08-15 18:41:44.086738948,19532
20749,3111,Camera,Electronics,3,43554,2023-08-16 01:58:53.944954128,130662
20750,3008,Speaker,Accessories,3,3461,2023-08-16 09:16:03.803169308,10383
20751,3113,Speaker,Accessories,2,3726,2023-08-16 16:33:13.661384488,7452
20752,3083,Camera,Electronics,2,28878,2023-08-16 23:50:23.519599668,57756
20753,3042,Smartphone,Electronics,2,12031,2023-08-17 07:07:33.377814844,24062
20754,3101,Tablet,Electronics,4,22806,2023-08-17 14:24:43.236030024,91224
20755,3006,Mouse,Accessories,2,1598,2023-08-17 21:41:53.094245204,3196
20756,3026,Smartphone,Electronics,3,30515,2023-08-18 04:59:02.952460384,91545
20757,3064,Camera,Electronics,3,18716,2023-08-18 12:16:12.810675564,56148
20758,3059,Laptop,Electronics,1,56182,2023-08-18 19:33:22.668890744,56182
20759,3109,Speaker,Accessories,4,1948,2023-08-19 02:50:32.527105920,7792
20760,3121,Mouse,Accessories,1,1070,2023-08-19 10:07:42.385321100,1070
20761,3033,Printer,Office,3,4904,2023-08-19 17:24:52.243536280,14712
20762,3150,Printer,Office,1,4505,2023-08-20 00:42:02.101751460,4505
20763,3021,Speaker,Accessories,3,1417,2023-08-20 07:59:11.959966640,4251
20764,3070,Printer,Office,1,12066,2023-08-20 15:16:21.818181820,12066
20765,3112,Printer,Office,2,8982,2023-08-20 22:33:31.676396996,17964
20766,3004,Laptop,Electronics,1,59104,2023-08-21 05:50:41.534612176,59104
20767,3094,Monitor,Electronics,2,28062,2023-08-21 13:07:51.392827356,56124
20768,3075,Headphones,Accessories,2,1115,2023-08-21 20:25:01.251042536,2230
20769,3062,Tablet,Electronics,4,17941,2023-08-22 03:42:11.109257716,71764
20770,3094,Monitor,Electronics,2,22380,2023-08-22 10:59:20.967472896,44760
20771,3095,Tablet,Electronics,2,19667,2023-08-22 18:16:30.825688072,39334
20772,3055,Laptop,Electronics,1,24529,2023-08-23 01:33:40.683903252,24529
20773,3137,Laptop,Electronics,3,37519,2023-08-23 08:50:50.542118432,112557
20774,3131,Tablet,Electronics,4,20192,2023-08-23 16:08:00.400333612,80768
20775,3031,Laptop,Electronics,2,28566,2023-08-23 23:25:10.258548792,57132
20776,3040,Laptop,Electronics,4,27226,2023-08-24 06:42:20.116763972,108904
20777,3036,Laptop,Electronics,1,57930,2023-08-24 13:59:29.974979148,57930
20778,3006,Speaker,Accessories,2,706,2023-08-24 21:16:39.833194328,1412
20779,3066,Tablet,Electronics,1,9319,2023-08-25 04:33:49.691409508,9319
20780,3075,Keyboard,Accessories,4,1641,2023-08-25 11:50:59.549624688,6564
20781,3004,Smartphone,Electronics,1,9627,2023-08-25 19:08:09.407839868,9627
20782,3079,Smartphone,Electronics,4,7690,2023-08-26 02:25:19.266055048,30760
20783,3134,Camera,Electronics,1,22323,2023-08-26 09:42:29.124270224,22323
20784,3118,Printer,Office,4,5255,2023-08-26 16:59:38.982485404,21020
20785,3113,Headphones,Accessories,3,589,2023-08-27 00:16:48.840700584,1767
20786,3094,Headphones,Accessories,1,4608,2023-08-27 07:33:58.698915764,4608
20787,3062,Laptop,Electronics,1,39404,2023-08-27 14:51:08.557130944,39404
20788,3079,Printer,Office,3,3857,2023-08-27 22:08:18.415346124,11571
20789,3136,Tablet,Electronics,3,17802,2023-08-28 05:25:28.273561300,53406
20790,3026,Smartphone,Electronics,1,29519,2023-08-28 12:42:38.131776480,29519
20791,3044,Laptop,Electronics,3,42439,2023-08-28 19:59:47.989991660,127317
20792,3133,Laptop,Electronics,2,31413,2023-08-29 03:16:57.848206840,62826
20793,3070,Speaker,Accessories,4,4891,2023-08-29 10:34:07.706422020,19564
20794,3118,Smartphone,Electronics,4,28513,2023-08-29 17:51:17.564637196,114052
20795,3068,Tablet,Electronics,4,13021,2023-08-30 01:08:27.422852376,52084
20796,3019,Printer,Office,2,6735,2023-08-30 08:25:37.281067556,13470
20797,3020,Keyboard,Accessories,3,2887,2023-08-30 15:42:47.139282736,8661
20798,3113,Smartphone,Electronics,3,34299,2023-08-30 22:59:56.997497916,102897
20799,3140,Headphones,Accessories,1,1441,2023-08-31 06:17:06.855713096,1441
20800,3047,Printer,Office,3,7866,2023-08-31 13:34:16.713928272,23598
20801,3001,Camera,Electronics,1,33950,2023-08-31 20:51:26.572143452,33950
20802,3090,Printer,Office,2,2975,2023-09-01 04:08:36.430358632,5950
20803,3142,Monitor,Electronics,4,11262,2023-09-01 11:25:46.288573812,45048
20804,3064,Laptop,Electronics,4,42615,2023-09-01 18:42:56.146788992,170460
20805,3038,Speaker,Accessories,4,3827,2023-09-02 02:00:06.005004172,15308
20806,3037,Camera,Electronics,3,37014,2023-09-02 09:17:15.863219348,111042
20807,3126,Smartphone,Electronics,1,34768,2023-09-02 16:34:25.721434528,34768
20808,3139,Speaker,Accessories,1,4774,2023-09-02 23:51:35.579649708,4774
20809,3100,Printer,Office,2,4259,2023-09-03 07:08:45.437864888,8518
20810,3077,Monitor,Electronics,3,20020,2023-09-03 14:25:55.296080068,60060
20811,3003,Tablet,Electronics,2,24848,2023-09-03 21:43:05.154295248,49696
20812,3134,Camera,Electronics,1,29062,2023-09-04 05:00:15.012510424,29062
20813,3010,Printer,Office,1,5294,2023-09-04 12:17:24.870725604,5294
20814,3005,Headphones,Accessories,4,1730,2023-09-04 19:34:34.728940784,6920
20815,3138,Smartphone,Electronics,3,32230,2023-09-05 02:51:44.587155964,96690
20816,3130,Speaker,Accessories,1,1384,2023-09-05 10:08:54.445371144,1384
20817,3013,Smartphone,Electronics,4,8805,2023-09-05 17:26:04.303586324,35220
20818,3130,Keyboard,Accessories,3,4356,2023-09-06 00:43:14.161801500,13068
20819,3084,Mouse,Accessories,2,3635,2023-09-06 08:00:24.020016680,7270
20820,3065,Mouse,Accessories,3,1424,2023-09-06 15:17:33.878231860,4272
20821,3063,Printer,Office,3,8034,2023-09-06 22:34:43.736447040,24102
20822,3101,Speaker,Accessories,1,2046,2023-09-07 05:51:53.594662220,2046
20823,3073,Smartphone,Electronics,1,27449,2023-09-07 13:09:03.452877400,27449
20824,3017,Headphones,Accessories,3,1594,2023-09-07 20:26:13.311092576,4782
20825,3009,Headphones,Accessories,1,2911,2023-09-08 03:43:23.169307756,2911
20826,3143,Speaker,Accessories,1,3117,2023-09-08 11:00:33.027522936,3117
20827,3038,Printer,Office,1,10954,2023-09-08 18:17:42.885738116,10954
20828,3094,Smartphone,Electronics,4,31899,2023-09-09 01:34:52.743953296,127596
20829,3095,Camera,Electronics,4,19145,2023-09-09 08:52:02.602168472,76580
20830,3049,Camera,Electronics,3,17775,2023-09-09 16:09:12.460383652,53325
20831,3069,Camera,Electronics,1,28193,2023-09-09 23:26:22.318598832,28193
20832,3062,Speaker,Accessories,4,3655,2023-09-10 06:43:32.176814012,14620
20833,3078,Smartphone,Electronics,3,31616,2023-09-10 14:00:42.035029192,94848
20834,3117,Tablet,Electronics,1,22119,2023-09-10 21:17:51.893244372,22119
20835,3120,Mouse,Accessories,2,1083,2023-09-11 04:35:01.751459548,2166
20836,3137,Camera,Electronics,1,36799,2023-09-11 11:52:11.609674728,36799
20837,3076,Tablet,Electronics,1,12331,2023-09-11 19:09:21.467889908,12331
20838,3035,Camera,Electronics,4,25295,2023-09-12 02:26:31.326105088,101180
20839,3001,Printer,Office,3,3942,2023-09-12 09:43:41.184320268,11826
20840,3040,Headphones,Accessories,3,4955,2023-09-12 17:00:51.042535448,14865
20841,3064,Monitor,Electronics,4,26575,2023-09-13 00:18:00.900750624,106300
20842,3150,Speaker,Accessories,1,1403,2023-09-13 07:35:10.758965804,1403
20843,3060,Speaker,Accessories,2,1361,2023-09-13 14:52:20.617180984,2722
20844,3064,Laptop,Electronics,1,37033,2023-09-13 22:09:30.475396164,37033
20845,3093,Headphones,Accessories,1,4634,2023-09-14 05:26:40.333611344,4634
20846,3072,Headphones,Accessories,2,4111,2023-09-14 12:43:50.191826524,8222
20847,3011,Tablet,Electronics,4,23408,2023-09-14 20:01:00.050041700,93632
20848,3105,Camera,Electronics,3,38971,2023-09-15 03:18:09.908256880,116913
20849,3014,Smartphone,Electronics,4,22420,2023-09-15 10:35:19.766472060,89680
20850,3060,Monitor,Electronics,4,26351,2023-09-15 17:52:29.624687240,105404
20851,3030,Camera,Electronics,1,19131,2023-09-16 01:09:39.482902420,19131
20852,3035,Tablet,Electronics,3,20057,2023-09-16 08:26:49.341117600,60171
20853,3005,Monitor,Electronics,3,21349,2023-09-16 15:43:59.199332776,64047
20854,3083,Monitor,Electronics,4,21486,2023-09-16 23:01:09.057547956,85944
20855,3123,Monitor,Electronics,2,15457,2023-09-17 06:18:18.915763136,30914
20856,3078,Smartphone,Electronics,4,17453,2023-09-17 13:35:28.773978316,69812
20857,3062,Monitor,Electronics,2,28814,2023-09-17 20:52:38.632193496,57628
20858,3132,Tablet,Electronics,3,20158,2023-09-18 04:09:48.490408676,60474
20859,3089,Camera,Electronics,4,30735,2023-09-18 11:26:58.348623852,122940
20860,3042,Printer,Office,1,13905,2023-09-18 18:44:08.206839032,13905
20861,3089,Tablet,Electronics,4,20298,2023-09-19 02:01:18.065054212,81192
20862,3146,Headphones,Accessories,3,2511,2023-09-19 09:18:27.923269392,7533
20863,3040,Mouse,Accessories,1,3873,2023-09-19 16:35:37.781484572,3873
20864,3072,Laptop,Electronics,1,30335,2023-09-19 23:52:47.639699752,30335
20865,3039,Smartphone,Electronics,2,28741,2023-09-20 07:09:57.497914928,57482
20866,3104,Tablet,Electronics,1,18692,2023-09-20 14:27:07.356130108,18692
20867,3014,Speaker,Accessories,1,1789,2023-09-20 21:44:17.214345288,1789
20868,3032,Laptop,Electronics,4,21447,2023-09-21 05:01:27.072560468,85788
20869,3125,Keyboard,Accessories,3,3699,2023-09-21 12:18:36.930775648,11097
20870,3097,Camera,Electronics,2,37765,2023-09-21 19:35:46.788990824,75530
20871,3023,Smartphone,Electronics,4,28906,2023-09-22 02:52:56.647206004,115624
20872,3063,Monitor,Electronics,1,29567,2023-09-22 10:10:06.505421184,29567
20873,3143,Tablet,Electronics,1,22139,2023-09-22 17:27:16.363636364,22139
20874,3145,Printer,Office,2,7462,2023-09-23 00:44:26.221851544,14924
20875,3053,Headphones,Accessories,3,3716,2023-09-23 08:01:36.080066724,11148
20876,3104,Keyboard,Accessories,2,3636,2023-09-23 15:18:45.938281900,7272
20877,3104,Camera,Electronics,4,34702,2023-09-23 22:35:55.796497080,138808
20878,3039,Monitor,Electronics,2,29166,2023-09-24 05:53:05.654712260,58332
20879,3134,Laptop,Electronics,1,45566,2023-09-24 13:10:15.512927440,45566
20880,3067,Tablet,Electronics,4,15657,2023-09-24 20:27:25.371142620,62628
20881,3135,Laptop,Electronics,1,57688,2023-09-25 03:44:35.229357800,57688
20882,3042,Tablet,Electronics,3,18345,2023-09-25 11:01:45.087572976,55035
20883,3015,Smartphone,Electronics,1,32413,2023-09-25 18:18:54.945788156,32413
20884,3111,Speaker,Accessories,1,1187,2023-09-26 01:36:04.804003336,1187
20885,3033,Keyboard,Accessories,2,1029,2023-09-26 08:53:14.662218516,2058
20886,3038,Smartphone,Electronics,1,33018,2023-09-26 16:10:24.520433696,33018
20887,3097,Headphones,Accessories,4,2653,2023-09-26 23:27:34.378648876,10612
20888,3033,Smartphone,Electronics,4,14486,2023-09-27 06:44:44.236864052,57944
20889,3086,Camera,Electronics,3,21094,2023-09-27 14:01:54.095079232,63282
20890,3066,Speaker,Accessories,4,2026,2023-09-27 21:19:03.953294412,8104
20891,3010,Keyboard,Accessories,2,3396,2023-09-28 04:36:13.811509592,6792
20892,3005,Mouse,Accessories,3,3603,2023-09-28 11:53:23.669724772,10809
20893,3123,Tablet,Electronics,4,10440,2023-09-28 19:10:33.527939952,41760
20894,3074,Speaker,Accessories,2,4635,2023-09-29 02:27:43.386155128,9270
20895,3097,Monitor,Electronics,4,17124,2023-09-29 09:44:53.244370308,68496
20896,3118,Keyboard,Accessories,4,1344,2023-09-29 17:02:03.102585488,5376
20897,3038,Keyboard,Accessories,1,946,2023-09-30 00:19:12.960800668,946
20898,3141,Tablet,Electronics,4,11915,2023-09-30 07:36:22.819015848,47660
20899,3047,Laptop,Electronics,4,37618,2023-09-30 14:53:32.677231028,150472
20900,3109,Printer,Office,2,8587,2023-09-30 22:10:42.535446204,17174
20901,3015,Keyboard,Accessories,2,726,2023-10-01 05:27:52.393661384,1452
20902,3136,Camera,Electronics,1,35527,2023-10-01 12:45:02.251876564,35527
20903,3005,Laptop,Electronics,4,43569,2023-10-01 20:02:12.110091744,174276
20904,3047,Monitor,Electronics,1,21151,2023-10-02 03:19:21.968306924,21151
20905,3068,Mouse,Accessories,4,2330,2023-10-02 10:36:31.826522104,9320
20906,3076,Printer,Office,3,13971,2023-10-02 17:53:41.684737280,41913
20907,3130,Laptop,Electronics,3,52954,2023-10-03 01:10:51.542952460,158862
20908,3095,Monitor,Electronics,1,24680,2023-10-03 08:28:01.401167640,24680
20909,3115,Monitor,Electronics,1,24559,2023-10-03 15:45:11.259382820,24559
20910,3036,Monitor,Electronics,1,21069,2023-10-03 23:02:21.117598000,21069
20911,3026,Printer,Office,2,4535,2023-10-04 06:19:30.975813176,9070
20912,3043,Tablet,Electronics,2,9932,2023-10-04 13:36:40.834028356,19864
20913,3027,Camera,Electronics,2,42500,2023-10-04 20:53:50.692243536,85000
20914,3069,Smartphone,Electronics,1,7032,2023-10-05 04:11:00.550458716,7032
20915,3148,Camera,Electronics,4,16252,2023-10-05 11:28:10.408673896,65008
20916,3011,Mouse,Accessories,3,2381,2023-10-05 18:45:20.266889076,7143
20917,3074,Laptop,Electronics,1,53037,2023-10-06 02:02:30.125104252,53037
20918,3104,Laptop,Electronics,2,21630,2023-10-06 09:19:39.983319432,43260
20919,3038,Smartphone,Electronics,2,25789,2023-10-06 16:36:49.841534612,51578
20920,3134,Camera,Electronics,1,42779,2023-10-06 23:53:59.699749792,42779
20921,3023,Tablet,Electronics,1,21383,2023-10-07 07:11:09.557964972,21383
20922,3047,Camera,Electronics,2,31152,2023-10-07 14:28:19.416180152,62304
20923,3090,Monitor,Electronics,4,21084,2023-10-07 21:45:29.274395328,84336
20924,3046,Mouse,Accessories,2,2195,2023-10-08 05:02:39.132610508,4390
20925,3107,Headphones,Accessories,2,3758,2023-10-08 12:19:48.990825688,7516
20926,3140,Smartphone,Electronics,1,19821,2023-10-08 19:36:58.849040868,19821
20927,3141,Mouse,Accessories,4,3762,2023-10-09 02:54:08.707256048,15048
20928,3104,Laptop,Electronics,2,21445,2023-10-09 10:11:18.565471228,42890
20929,3111,Smartphone,Electronics,2,21436,2023-10-09 17:28:28.423686404,42872
20930,3104,Monitor,Electronics,3,19949,2023-10-10 00:45:38.281901584,59847
20931,3060,Tablet,Electronics,1,14901,2023-10-10 08:02:48.140116764,14901
20932,3100,Speaker,Accessories,3,3285,2023-10-10 15:19:57.998331944,9855
20933,3068,Speaker,Accessories,3,1219,2023-10-10 22:37:07.856547124,3657
20934,3133,Printer,Office,2,10597,2023-10-11 05:54:17.714762304,21194
20935,3120,Mouse,Accessories,1,2794,2023-10-11 13:11:27.572977480,2794
20936,3037,Printer,Office,4,10263,2023-10-11 20:28:37.431192660,41052
20937,3072,Camera,Electronics,2,29520,2023-10-12 03:45:47.289407840,59040
20938,3127,Laptop,Electronics,4,45805,2023-10-12 11:02:57.147623020,183220
20939,3106,Keyboard,Accessories,4,2067,2023-10-12 18:20:07.005838200,8268
20940,3092,Camera,Electronics,1,26874,2023-10-13 01:37:16.864053380,26874
20941,3031,Keyboard,Accessories,3,3453,2023-10-13 08:54:26.722268556,10359
20942,3122,Monitor,Electronics,1,24079,2023-10-13 16:11:36.580483736,24079
20943,3137,Monitor,Electronics,4,27082,2023-10-13 23:28:46.438698916,108328
20944,3051,Headphones,Accessories,2,1326,2023-10-14 06:45:56.296914096,2652
20945,3029,Keyboard,Accessories,4,848,2023-10-14 14:03:06.155129276,3392
20946,3040,Smartphone,Electronics,2,17100,2023-10-14 21:20:16.013344456,34200
20947,3041,Laptop,Electronics,2,39800,2023-10-15 04:37:25.871559632,79600
20948,3011,Laptop,Electronics,1,46910,2023-10-15 11:54:35.729774812,46910
20949,3001,Camera,Electronics,4,44437,2023-10-15 19:11:45.587989992,177748
20950,3046,Smartphone,Electronics,3,16001,2023-10-16 02:28:55.446205172,48003
20951,3101,Monitor,Electronics,4,23907,2023-10-16 09:46:05.304420352,95628
20952,3149,Smartphone,Electronics,4,24942,2023-10-16 17:03:15.162635528,99768
20953,3090,Speaker,Accessories,3,4978,2023-10-17 00:20:25.020850708,14934
20954,3110,Smartphone,Electronics,1,16669,2023-10-17 07:37:34.879065888,16669
20955,3057,Mouse,Accessories,4,3186,2023-10-17 14:54:44.737281068,12744
20956,3001,Camera,Electronics,4,17985,2023-10-17 22:11:54.595496248,71940
20957,3063,Camera,Electronics,2,23112,2023-10-18 05:29:04.453711428,46224
20958,3055,Headphones,Accessories,4,775,2023-10-18 12:46:14.311926604,3100
20959,3115,Camera,Electronics,3,33931,2023-10-18 20:03:24.170141784,101793
20960,3143,Mouse,Accessories,2,3264,2023-10-19 03:20:34.028356964,6528
20961,3149,Mouse,Accessories,1,836,2023-10-19 10:37:43.886572144,836
20962,3053,Headphones,Accessories,2,2473,2023-10-19 17:54:53.744787324,4946
20963,3137,Laptop,Electronics,3,39363,2023-10-20 01:12:03.603002504,118089
20964,3057,Tablet,Electronics,3,20768,2023-10-20 08:29:13.461217680,62304
20965,3117,Mouse,Accessories,2,4468,2023-10-20 15:46:23.319432860,8936
20966,3035,Mouse,Accessories,1,1410,2023-10-20 23:03:33.177648040,1410
20967,3063,Tablet,Electronics,2,23632,2023-10-21 06:20:43.035863220,47264
20968,3025,Tablet,Electronics,1,24279,2023-10-21 13:37:52.894078400,24279
20969,3090,Headphones,Accessories,2,3629,2023-10-21 20:55:02.752293580,7258
20970,3075,Printer,Office,3,7447,2023-10-22 04:12:12.610508756,22341
20971,3038,Headphones,Accessories,4,4704,2023-10-22 11:29:22.468723936,18816
20972,3130,Tablet,Electronics,4,15446,2023-10-22 18:46:32.326939116,61784
20973,3135,Printer,Office,1,13949,2023-10-23 02:03:42.185154296,13949
20974,3091,Speaker,Accessories,1,827,2023-10-23 09:20:52.043369476,827
20975,3017,Laptop,Electronics,1,46375,2023-10-23 16:38:01.901584656,46375
20976,3128,Laptop,Electronics,3,53082,2023-10-23 23:55:11.759799832,159246
20977,3108,Smartphone,Electronics,2,16737,2023-10-24 07:12:21.618015012,33474
20978,3025,Smartphone,Electronics,3,6134,2023-10-24 14:29:31.476230192,18402
20979,3088,Smartphone,Electronics,4,15938,2023-10-24 21:46:41.334445372,63752
20980,3029,Speaker,Accessories,1,2020,2023-10-25 05:03:51.192660552,2020
20981,3063,Smartphone,Electronics,2,10592,2023-10-25 12:21:01.050875732,21184
20982,3150,Smartphone,Electronics,4,23108,2023-10-25 19:38:10.909090908,92432
20983,3114,Tablet,Electronics,4,18997,2023-10-26 02:55:20.767306088,75988
20984,3049,Mouse,Accessories,4,1221,2023-10-26 10:12:30.625521268,4884
20985,3081,Camera,Electronics,3,39062,2023-10-26 17:29:40.483736448,117186
20986,3084,Laptop,Electronics,1,29104,2023-10-27 00:46:50.341951628,29104
20987,3105,Mouse,Accessories,4,3857,2023-10-27 08:04:00.200166804,15428
20988,3148,Laptop,Electronics,1,20870,2023-10-27 15:21:10.058381984,20870
20989,3118,Laptop,Electronics,3,48684,2023-10-27 22:38:19.916597164,146052
20990,3086,Speaker,Accessories,4,997,2023-10-28 05:55:29.774812344,3988
20991,3063,Headphones,Accessories,3,2256,2023-10-28 13:12:39.633027524,6768
20992,3104,Monitor,Electronics,3,11117,2023-10-28 20:29:49.491242704,33351
20993,3049,Keyboard,Accessories,1,3909,2023-10-29 03:46:59.349457880,3909
20994,3071,Smartphone,Electronics,4,34866,2023-10-29 11:04:09.207673060,139464
20995,3001,Speaker,Accessories,3,2147,2023-10-29 18:21:19.065888240,6441
20996,3141,Laptop,Electronics,4,33878,2023-10-30 01:38:28.924103420,135512
20997,3123,Printer,Office,1,8992,2023-10-30 08:55:38.782318600,8992
20998,3062,Speaker,Accessories,3,3483,2023-10-30 16:12:48.640533780,10449
20999,3032,Monitor,Electronics,1,23778,2023-10-30 23:29:58.498748956,23778
21000,3029,Speaker,Accessories,4,642,2023-10-31 06:47:08.356964136,2568
21001,3049,Laptop,Electronics,4,49896,2023-10-31 14:04:18.215179316,199584
21002,3030,Keyboard,Accessories,1,3261,2023-10-31 21:21:28.073394496,3261
21003,3144,Smartphone,Electronics,2,17852,2023-11-01 04:38:37.931609676,35704
21004,3019,Tablet,Electronics,3,22806,2023-11-01 11:55:47.789824856,68418
21005,3018,Speaker,Accessories,4,2931,2023-11-01 19:12:57.648040032,11724
21006,3001,Smartphone,Electronics,4,6848,2023-11-02 02:30:07.506255212,27392
21007,3078,Printer,Office,3,4696,2023-11-02 09:47:17.364470392,14088
21008,3115,Headphones,Accessories,1,2217,2023-11-02 17:04:27.222685572,2217
21009,3113,Monitor,Electronics,1,29456,2023-11-03 00:21:37.080900752,29456
21010,3114,Mouse,Accessories,1,1567,2023-11-03 07:38:46.939115932,1567
21011,3063,Speaker,Accessories,2,3286,2023-11-03 14:55:56.797331108,6572
21012,3132,Printer,Office,2,5791,2023-11-03 22:13:06.655546288,11582
21013,3129,Smartphone,Electronics,4,30864,2023-11-04 05:30:16.513761468,123456
21014,3008,Laptop,Electronics,1,56639,2023-11-04 12:47:26.371976648,56639
21015,3055,Headphones,Accessories,3,2306,2023-11-04 20:04:36.230191828,6918
21016,3103,Smartphone,Electronics,4,22888,2023-11-05 03:21:46.088407008,91552
21017,3131,Smartphone,Electronics,3,24692,2023-11-05 10:38:55.946622184,74076
21018,3032,Camera,Electronics,4,38501,2023-11-05 17:56:05.804837364,154004
21019,3010,Monitor,Electronics,2,23304,2023-11-06 01:13:15.663052544,46608
21020,3110,Monitor,Electronics,4,28074,2023-11-06 08:30:25.521267724,112296
21021,3124,Laptop,Electronics,2,35549,2023-11-06 15:47:35.379482904,71098
21022,3087,Camera,Electronics,4,44963,2023-11-06 23:04:45.237698084,179852
21023,3055,Tablet,Electronics,1,11303,2023-11-07 06:21:55.095913260,11303
21024,3032,Laptop,Electronics,3,36061,2023-11-07 13:39:04.954128440,108183
21025,3135,Tablet,Electronics,1,23198,2023-11-07 20:56:14.812343620,23198
21026,3093,Monitor,Electronics,4,27888,2023-11-08 04:13:24.670558800,111552
21027,3008,Laptop,Electronics,4,29940,2023-11-08 11:30:34.528773980,119760
21028,3065,Mouse,Accessories,4,4424,2023-11-08 18:47:44.386989156,17696
21029,3057,Mouse,Accessories,2,923,2023-11-09 02:04:54.245204336,1846
21030,3067,Headphones,Accessories,3,3978,2023-11-09 09:22:04.103419516,11934
21031,3072,Speaker,Accessories,3,2091,2023-11-09 16:39:13.961634696,6273
21032,3054,Camera,Electronics,4,19485,2023-11-09 23:56:23.819849876,77940
21033,3067,Printer,Office,4,14629,2023-11-10 07:13:33.678065056,58516
21034,3051,Mouse,Accessories,2,992,2023-11-10 14:30:43.536280232,1984
21035,3097,Keyboard,Accessories,1,691,2023-11-10 21:47:53.394495412,691
21036,3092,Printer,Office,1,10690,2023-11-11 05:05:03.252710592,10690
21037,3008,Monitor,Electronics,3,14917,2023-11-11 12:22:13.110925772,44751
21038,3035,Laptop,Electronics,2,58599,2023-11-11 19:39:22.969140952,117198
21039,3096,Monitor,Electronics,4,20160,2023-11-12 02:56:32.827356132,80640
21040,3088,Camera,Electronics,3,35706,2023-11-12 10:13:42.685571308,107118
21041,3078,Mouse,Accessories,2,2686,2023-11-12 17:30:52.543786488,5372
21042,3032,Laptop,Electronics,1,43383,2023-11-13 00:48:02.402001668,43383
21043,3120,Camera,Electronics,2,40392,2023-11-13 08:05:12.260216848,80784
21044,3046,Smartphone,Electronics,1,32796,2023-11-13 15:22:22.118432028,32796
21045,3144,Smartphone,Electronics,2,28666,2023-11-13 22:39:31.976647208,57332
21046,3142,Headphones,Accessories,3,1973,2023-11-14 05:56:41.834862384,5919
21047,3055,Smartphone,Electronics,1,30662,2023-11-14 13:13:51.693077564,30662
21048,3007,Tablet,Electronics,3,20391,2023-11-14 20:31:01.551292744,61173
21049,3074,Monitor,Electronics,3,11874,2023-11-15 03:48:11.409507924,35622
21050,3007,Smartphone,Electronics,1,15234,2023-11-15 11:05:21.267723104,15234
21051,3085,Camera,Electronics,1,39848,2023-11-15 18:22:31.125938284,39848
21052,3147,Camera,Electronics,4,24221,2023-11-16 01:39:40.984153460,96884
21053,3112,Camera,Electronics,4,26410,2023-11-16 08:56:50.842368640,105640
21054,3125,Smartphone,Electronics,4,19519,2023-11-16 16:14:00.700583820,78076
21055,3147,Mouse,Accessories,3,4569,2023-11-16 23:31:10.558799000,13707
21056,3036,Speaker,Accessories,3,1551,2023-11-17 06:48:20.417014180,4653
21057,3029,Camera,Electronics,4,27225,2023-11-17 14:05:30.275229360,108900
21058,3082,Laptop,Electronics,3,29765,2023-11-17 21:22:40.133444536,89295
21059,3002,Laptop,Electronics,3,31382,2023-11-18 04:39:49.991659716,94146
21060,3129,Mouse,Accessories,1,4888,2023-11-18 11:56:59.849874896,4888
21061,3047,Speaker,Accessories,1,4297,2023-11-18 19:14:09.708090076,4297
21062,3148,Monitor,Electronics,3,21939,2023-11-19 02:31:19.566305256,65817
21063,3011,Mouse,Accessories,4,2605,2023-11-19 09:48:29.424520436,10420
21064,3130,Laptop,Electronics,2,49964,2023-11-19 17:05:39.282735612,99928
21065,3119,Printer,Office,4,2307,2023-11-20 00:22:49.140950792,9228
21066,3140,Camera,Electronics,2,39121,2023-11-20 07:39:58.999165972,78242
21067,3020,Keyboard,Accessories,4,3859,2023-11-20 14:57:08.857381152,15436
21068,3005,Camera,Electronics,1,44648,2023-11-20 22:14:18.715596332,44648
21069,3037,Speaker,Accessories,3,3676,2023-11-21 05:31:28.573811508,11028
21070,3137,Smartphone,Electronics,3,39019,2023-11-21 12:48:38.432026688,117057
21071,3053,Monitor,Electronics,1,15366,2023-11-21 20:05:48.290241868,15366
21072,3099,Smartphone,Electronics,2,32323,2023-11-22 03:22:58.148457048,64646
21073,3086,Camera,Electronics,2,32901,2023-11-22 10:40:08.006672228,65802
21074,3108,Monitor,Electronics,2,16226,2023-11-22 17:57:17.864887408,32452
21075,3024,Printer,Office,1,7305,2023-11-23 01:14:27.723102584,7305
21076,3081,Camera,Electronics,2,40954,2023-11-23 08:31:37.581317764,81908
21077,3120,Keyboard,Accessories,1,2461,2023-11-23 15:48:47.439532944,2461
21078,3059,Speaker,Accessories,4,4805,2023-11-23 23:05:57.297748124,19220
21079,3128,Monitor,Electronics,4,29247,2023-11-24 06:23:07.155963304,116988
21080,3114,Headphones,Accessories,1,3156,2023-11-24 13:40:17.014178484,3156
21081,3115,Tablet,Electronics,3,21255,2023-11-24 20:57:26.872393660,63765
21082,3014,Camera,Electronics,4,19567,2023-11-25 04:14:36.730608840,78268
21083,3009,Smartphone,Electronics,2,25389,2023-11-25 11:31:46.588824020,50778
21084,3040,Camera,Electronics,1,26755,2023-11-25 18:48:56.447039200,26755
21085,3025,Speaker,Accessories,2,1422,2023-11-26 02:06:06.305254380,2844
21086,3103,Smartphone,Electronics,2,21567,2023-11-26 09:23:16.163469560,43134
21087,3022,Speaker,Accessories,3,3858,2023-11-26 16:40:26.021684736,11574
21088,3004,Headphones,Accessories,2,1898,2023-11-26 23:57:35.879899916,3796
21089,3029,Smartphone,Electronics,3,15988,2023-11-27 07:14:45.738115096,47964
21090,3109,Headphones,Accessories,4,1036,2023-11-27 14:31:55.596330276,4144
21091,3098,Speaker,Accessories,1,1773,2023-11-27 21:49:05.454545456,1773
21092,3037,Printer,Office,2,13159,2023-11-28 05:06:15.312760636,26318
21093,3075,Headphones,Accessories,1,3549,2023-11-28 12:23:25.170975812,3549
21094,3070,Mouse,Accessories,2,1596,2023-11-28 19:40:35.029190992,3192
21095,3146,Printer,Office,1,11497,2023-11-29 02:57:44.887406172,11497
21096,3128,Laptop,Electronics,2,52703,2023-11-29 10:14:54.745621352,105406
21097,3085,Speaker,Accessories,2,3581,2023-11-29 17:32:04.603836532,7162
21098,3042,Camera,Electronics,2,23002,2023-11-30 00:49:14.462051712,46004
21099,3100,Monitor,Electronics,2,14247,2023-11-30 08:06:24.320266888,28494
21100,3041,Speaker,Accessories,2,1528,2023-11-30 15:23:34.178482068,3056
21101,3034,Keyboard,Accessories,2,2477,2023-11-30 22:40:44.036697248,4954
21102,3017,Speaker,Accessories,2,3854,2023-12-01 05:57:53.894912428,7708
21103,3122,Printer,Office,2,12703,2023-12-01 13:15:03.753127608,25406
21104,3076,Printer,Office,2,2270,2023-12-01 20:32:13.611342784,4540
21105,3087,Headphones,Accessories,1,1686,2023-12-02 03:49:23.469557964,1686
21106,3117,Speaker,Accessories,3,4700,2023-12-02 11:06:33.327773144,14100
21107,3106,Mouse,Accessories,2,4264,2023-12-02 18:23:43.185988324,8528
21108,3086,Headphones,Accessories,3,2898,2023-12-03 01:40:53.044203504,8694
21109,3027,Laptop,Electronics,2,32721,2023-12-03 08:58:02.902418684,65442
21110,3057,Monitor,Electronics,2,16995,2023-12-03 16:15:12.760633860,33990
21111,3031,Monitor,Electronics,1,22427,2023-12-03 23:32:22.618849040,22427
21112,3134,Tablet,Electronics,4,21782,2023-12-04 06:49:32.477064220,87128
21113,3098,Speaker,Accessories,4,4682,2023-12-04 14:06:42.335279400,18728
21114,3012,Laptop,Electronics,1,22230,2023-12-04 21:23:52.193494580,22230
21115,3053,Tablet,Electronics,3,14511,2023-12-05 04:41:02.051709760,43533
21116,3138,Headphones,Accessories,4,628,2023-12-05 11:58:11.909924936,2512
21117,3145,Camera,Electronics,1,24461,2023-12-05 19:15:21.768140116,24461
21118,3122,Camera,Electronics,1,35056,2023-12-06 02:32:31.626355296,35056
21119,3046,Monitor,Electronics,4,14765,2023-12-06 09:49:41.484570476,59060
21120,3064,Tablet,Electronics,3,21272,2023-12-06 17:06:51.342785656,63816
21121,3130,Smartphone,Electronics,1,34523,2023-12-07 00:24:01.201000836,34523
21122,3054,Mouse,Accessories,2,1127,2023-12-07 07:41:11.059216012,2254
21123,3107,Camera,Electronics,3,26989,2023-12-07 14:58:20.917431192,80967
21124,3051,Mouse,Accessories,3,2544,2023-12-07 22:15:30.775646372,7632
21125,3036,Keyboard,Accessories,4,4052,2023-12-08 05:32:40.633861552,16208
21126,3115,Mouse,Accessories,4,2841,2023-12-08 12:49:50.492076732,11364
21127,3026,Camera,Electronics,2,20884,2023-12-08 20:07:00.350291912,41768
21128,3029,Smartphone,Electronics,1,32790,2023-12-09 03:24:10.208507088,32790
21129,3149,Headphones,Accessories,4,749,2023-12-09 10:41:20.066722268,2996
21130,3011,Tablet,Electronics,4,17175,2023-12-09 17:58:29.924937448,68700
21131,3040,Camera,Electronics,3,40464,2023-12-10 01:15:39.783152628,121392
21132,3011,Laptop,Electronics,4,36260,2023-12-10 08:32:49.641367808,145040
21133,3113,Smartphone,Electronics,4,34546,2023-12-10 15:49:59.499582988,138184
21134,3039,Headphones,Accessories,4,1826,2023-12-10 23:07:09.357798164,7304
21135,3054,Smartphone,Electronics,4,6987,2023-12-11 06:24:19.216013344,27948
21136,3098,Mouse,Accessories,3,590,2023-12-11 13:41:29.074228524,1770
21137,3055,Tablet,Electronics,2,20948,2023-12-11 20:58:38.932443704,41896
21138,3111,Printer,Office,2,6059,2023-12-12 04:15:48.790658884,12118
21139,3150,Printer,Office,1,4773,2023-12-12 11:32:58.648874064,4773
21140,3069,Keyboard,Accessories,4,2186,2023-12-12 18:50:08.507089240,8744
21141,3056,Camera,Electronics,3,39767,2023-12-13 02:07:18.365304420,119301
21142,3033,Mouse,Accessories,1,2486,2023-12-13 09:24:28.223519600,2486
21143,3036,Speaker,Accessories,1,4123,2023-12-13 16:41:38.081734780,4123
21144,3148,Printer,Office,2,9409,2023-12-13 23:58:47.939949960,18818
21145,3081,Headphones,Accessories,3,2685,2023-12-14 07:15:57.798165136,8055
21146,3109,Tablet,Electronics,3,15347,2023-12-14 14:33:07.656380316,46041
21147,3073,Smartphone,Electronics,3,38776,2023-12-14 21:50:17.514595496,116328
21148,3040,Tablet,Electronics,2,11783,2023-12-15 05:07:27.372810676,23566
21149,3017,Laptop,Electronics,2,24298,2023-12-15 12:24:37.231025856,48596
21150,3129,Headphones,Accessories,2,4787,2023-12-15 19:41:47.089241036,9574
21151,3061,Camera,Electronics,2,17052,2023-12-16 02:58:56.947456212,34104
21152,3104,Smartphone,Electronics,2,39484,2023-12-16 10:16:06.805671392,78968
21153,3042,Camera,Electronics,4,15310,2023-12-16 17:33:16.663886572,61240
21154,3025,Smartphone,Electronics,4,25922,2023-12-17 00:50:26.522101752,103688
21155,3039,Printer,Office,3,3260,2023-12-17 08:07:36.380316932,9780
21156,3035,Tablet,Electronics,1,21157,2023-12-17 15:24:46.238532112,21157
21157,3131,Monitor,Electronics,3,21460,2023-12-17 22:41:56.096747288,64380
21158,3108,Smartphone,Electronics,1,21968,2023-12-18 05:59:05.954962468,21968
21159,3102,Smartphone,Electronics,2,35266,2023-12-18 13:16:15.813177648,70532
21160,3098,Laptop,Electronics,1,50209,2023-12-18 20:33:25.671392828,50209
21161,3012,Smartphone,Electronics,3,29000,2023-12-19 03:50:35.529608008,87000
21162,3019,Printer,Office,3,10551,2023-12-19 11:07:45.387823188,31653
21163,3101,Speaker,Accessories,1,3366,2023-12-19 18:24:55.246038364,3366
21164,3044,Camera,Electronics,4,29365,2023-12-20 01:42:05.104253544,117460
21165,3049,Tablet,Electronics,2,13898,2023-12-20 08:59:14.962468724,27796
21166,3017,Camera,Electronics,2,33395,2023-12-20 16:16:24.820683904,66790
21167,3074,Printer,Office,3,8251,2023-12-20 23:33:34.678899084,24753
21168,3057,Smartphone,Electronics,4,9006,2023-12-21 06:50:44.537114264,36024
21169,3055,Speaker,Accessories,1,2125,2023-12-21 14:07:54.395329440,2125
21170,3047,Tablet,Electronics,2,18956,2023-12-21 21:25:04.253544620,37912
21171,3012,Monitor,Electronics,4,27274,2023-12-22 04:42:14.111759800,109096
21172,3062,Laptop,Electronics,2,50663,2023-12-22 11:59:23.969974980,101326
21173,3080,Mouse,Accessories,4,1231,2023-12-22 19:16:33.828190160,4924
21174,3083,Mouse,Accessories,4,4461,2023-12-23 02:33:43.686405340,17844
21175,3008,Camera,Electronics,3,44277,2023-12-23 09:50:53.544620516,132831
21176,3149,Monitor,Electronics,2,28888,2023-12-23 17:08:03.402835696,57776
21177,3081,Keyboard,Accessories,1,1114,2023-12-24 00:25:13.261050876,1114
21178,3118,Speaker,Accessories,3,4306,2023-12-24 07:42:23.119266056,12918
21179,3025,Laptop,Electronics,3,51417,2023-12-24 14:59:32.977481236,154251
21180,3089,Mouse,Accessories,1,2219,2023-12-24 22:16:42.835696416,2219
21181,3012,Laptop,Electronics,3,49345,2023-12-25 05:33:52.693911592,148035
21182,3143,Tablet,Electronics,4,21558,2023-12-25 12:51:02.552126772,86232
21183,3059,Speaker,Accessories,4,2087,2023-12-25 20:08:12.410341952,8348
21184,3109,Smartphone,Electronics,2,26031,2023-12-26 03:25:22.268557132,52062
21185,3026,Camera,Electronics,2,41212,2023-12-26 10:42:32.126772312,82424
21186,3047,Smartphone,Electronics,1,15350,2023-12-26 17:59:41.984987488,15350
21187,3032,Speaker,Accessories,2,2932,2023-12-27 01:16:51.843202668,5864
21188,3010,Tablet,Electronics,4,19454,2023-12-27 08:34:01.701417848,77816
21189,3016,Camera,Electronics,1,30849,2023-12-27 15:51:11.559633028,30849
21190,3145,Laptop,Electronics,1,26837,2023-12-27 23:08:21.417848208,26837
21191,3026,Speaker,Accessories,2,1949,2023-12-28 06:25:31.276063388,3898
21192,3086,Tablet,Electronics,4,13454,2023-12-28 13:42:41.134278564,53816
21193,3135,Smartphone,Electronics,1,14424,2023-12-28 20:59:50.992493744,14424
21194,3014,Camera,Electronics,4,19117,2023-12-29 04:17:00.850708924,76468
21195,3079,Smartphone,Electronics,4,23412,2023-12-29 11:34:10.708924104,93648
21196,3117,Camera,Electronics,4,44903,2023-12-29 18:51:20.567139284,179612
21197,3007,Laptop,Electronics,2,59613,2023-12-30 02:08:30.425354464,119226
21198,3137,Tablet,Electronics,3,12624,2023-12-30 09:25:40.283569640,37872
21199,3115,Monitor,Electronics,3,18848,2023-12-30 16:42:50.141784820,56544
21200,3072,Laptop,Electronics,1,33136,2023-12-31 00:00:00.000000000,33136
